位號,版面,零件描述
CTN INSIDE,MB,DESICCANT 57*80 11.3G
Q001,MB,IGBT N 1200V 80A NGTB40N120FL2WG
Q002,MB,IGBT N 1200V 80A NGTB40N120FL2WG
Q101,MB,MFET N 650V 49A 0.06 C3M0045065K
Q102,MB,MFET N 650V 49A 0.06 C3M0045065K
Q103,MB,MFET N 650V 49A 0.06 C3M0045065K
Q104,MB,MFET N 650V 49A 0.06 C3M0045065K
Q105,MB,MFET N 600V 101A0.024IPW60R024P7
Q106,MB,MFET N 600V 101A0.024IPW60R024P7
Q004,MB,MFET N 60V 0.2A3.9T2N7002AKSOT23
Q028,MB,MFET N 60V 0.2A3.9T2N7002AKSOT23
Q032,MB,MFET N 60V 0.2A3.9T2N7002AKSOT23
Q020,MB,TRXAU NPN 50V 3A PBSS4350X SOT89
Q021,MB,TRXAU NPN 50V 3A PBSS4350X SOT89
Q022,MB,TRXAU NPN 50V 3A PBSS4350X SOT89
Q023,MB,TRXAU NPN 50V 3A PBSS4350X SOT89
Q024,MB,TRXAU NPN 50V 3A PBSS4350X SOT89
Q025,MB,TRXAU NPN 50V 3A PBSS4350X SOT89
Q026,MB,TRXAU NPN 50V 3A PBSS4350X SOT89
Q027,MB,TRXAU NPN 50V 3A PBSS4350X SOT89
Q003,MB,TRXAU NPN 50V 3A PBSS4350X SOT89
Q038,MB,TRX NPN40V0.6A KN4401S SOT23
Q040,MB,TRX NPN40V0.6A KN4401S SOT23
Q112,MB,TRX NPN50V3APBSS4350ZSOT223
IC110,MB,TRX NPN/NPN 60V 1APBSS4160DSSC74 NXP
IC111,MB,TRX NPN/NPN 60V 1APBSS4160DSSC74 NXP
Q034,MB,TRXPNP50V3APBSS5350ZSOT223
Q036,MB,TRXPNP50V3APBSS5350ZSOT223
Q110,MB,TRX PNP40V0.6AKN4403S-RTK/HSOT23
Q111,MB,TRX PNP40V0.6AKN4403S-RTK/HSOT23
D001,MB,DIO 40V 1A PMEG4010BEA SOD323
D028,MB,DIO 40V 1A PMEG4010BEA SOD323
D029,MB,DIO 40V 1A PMEG4010BEA SOD323
D030,MB,DIO 40V 1A PMEG4010BEA SOD323
D031,MB,DIO 40V 1A PMEG4010BEA SOD323
D100,MB,DIO 40V 1A PMEG4010BEA SOD323
D101,MB,DIO 40V 1A PMEG4010BEA SOD323
D106,MB,DIO 40V 1A PMEG4010BEA SOD323
D107,MB,DIO 40V 1A PMEG4010BEA SOD323
D112,MB,DIO 40V 1A PMEG4010BEA SOD323
D113,MB,DIO 40V 1A PMEG4010BEA SOD323
D114,MB,DIO 40V 1A PMEG4010BEA SOD323
D116,MB,DIO 40V 1A PMEG4010BEA SOD323
D117,MB,DIO 40V 1A PMEG4010BEA SOD323
D118,MB,DIO 40V 1A PMEG4010BEA SOD323
D126,MB,DIO 40V 1A PMEG4010BEA SOD323
D127,MB,DIO 40V 1A PMEG4010BEA SOD323
D128,MB,DIO 40V 1A PMEG4010BEA SOD323
D129,MB,DIO 40V 1A PMEG4010BEA SOD323
D130,MB,DIO 40V 1A PMEG4010BEA SOD323
D131,MB,DIO 40V 1A PMEG4010BEA SOD323
D132,MB,DIO 40V 1A PMEG4010BEA SOD323
D133,MB,DIO 40V 1A PMEG4010BEA SOD323
D134,MB,DIO 40V 1A PMEG4010BEA SOD323
D135,MB,DIO 40V 1A PMEG4010BEA SOD323
D136,MB,DIO 40V 1A PMEG4010BEA SOD323
D137,MB,DIO 40V 1A PMEG4010BEA SOD323
D138,MB,DIO 40V 1A PMEG4010BEA SOD323
D139,MB,DIO 40V 1A PMEG4010BEA SOD323
D140,MB,DIO 40V 1A PMEG4010BEA SOD323
D141,MB,DIO 40V 1A PMEG4010BEA SOD323
D142,MB,DIO 40V 1A PMEG4010BEA SOD323
D143,MB,DIO 40V 1A PMEG4010BEA SOD323
D144,MB,DIO 40V 1A PMEG4010BEA SOD323
D145,MB,DIO 40V 1A PMEG4010BEA SOD323
D148,MB,DIO 40V 1A PMEG4010BEA SOD323
D150,MB,DIO 40V 1A PMEG4010BEA SOD323
D003,MB,DIO 60V 2A B260A-HF SMA
D007,MB,DIO 60V 2A B260A-HF SMA
D016,MB,DIO 60V 2A B260A-HF SMA
D018,MB,DIO 60V 2A B260A-HF SMA
D120,MB,DIO 60V 2A B260A-HF SMA
D121,MB,DIO 60V 2A B260A-HF SMA
D122,MB,DIO 60V 2A B260A-HF SMA
D124,MB,DIO 60V 2A B260A-HF SMA
D125,MB,DIO 60V 2A B260A-HF SMA
D156,MB,DIO 60V 2A B260A-HF SMA
D105,MB,DIO 75V 0.15A 1N4148WS-7-FSOD323
D111,MB,DIO 75V 0.15A 1N4148WS-7-FSOD323
D123,MB,DIO 75V 0.15A 1N4148WS-7-FSOD323
D032,MB,DIO 75V 0.15A 1N4148WS-7-FSOD323
D033,MB,DIO 75V 0.15A 1N4148WS-7-FSOD323
D034,MB,DIO 75V 0.15A 1N4148WS-7-FSOD323
D035,MB,DIO 75V 0.15A 1N4148WS-7-FSOD323
D036,MB,DIO 75V 0.15A 1N4148WS-7-FSOD323
D037,MB,DIO 75V 0.15A 1N4148WS-7-FSOD323
D038,MB,DIO 75V 0.15A 1N4148WS-7-FSOD323
D039,MB,DIO 75V 0.15A 1N4148WS-7-FSOD323
D102,MB,DIO 100V 0.25A BAS316 SOD323
D108,MB,DIO 100V 0.25A BAS316 SOD323
D103,MB,DIO 600V 1A RS1JFLRVG SOD123FL
D104,MB,DIO 600V 1A RS1JFLRVG SOD123FL
D109,MB,DIO 600V 1A RS1JFLRVG SOD123FL
D110,MB,DIO 600V 1A RS1JFLRVG SOD123FL
D152,MB,DIO 1000V 10A S10MC_HF SMC
D153,MB,DIO 1000V 10A S10MC_HF SMC
D154,MB,DIO 1000V 10A S10MC_HF SMC
D155,MB,DIO 1000V 10A S10MC_HF SMC
ZD006,MB,TVS 600W 15.3V P6SMB18CA SMB
ZD108,MB,Z.D 0.2W 2.4V BZT52-B2V4S SOD323
ZD109,MB,Z.D 0.2W 2.4V BZT52-B2V4S SOD323
ZD110,MB,Z.D 0.2W 2.4V BZT52-B2V4S SOD323
ZD111,MB,Z.D 0.2W 2.4V BZT52-B2V4S SOD323
ZD001,MB,Z.D 0.35W 13V BZX84C13-7-F SOT23
ZD002,MB,Z.D 0.35W 13V BZX84C13-7-F SOT23
ZD004,MB,Z.D 0.35W 13V BZX84C13-7-F SOT23
ZD005,MB,Z.D 0.35W 13V BZX84C13-7-F SOT23
ZD008,MB,Z.D 0.35W 13V BZX84C13-7-F SOT23
ZD012,MB,Z.D 0.35W 13V BZX84C13-7-F SOT23
ZD0,MB,Z.D 0.35W 13V BZX84C13-7-F SOT23
ZD102,MB,Z.D 0.25W 12V 2% BZX84-B12 SOT23
ZD100,MB,Z.D 0.35W 14V MMBZ5244B-7-FSOT23
ZD101,MB,Z.D 0.35W 14V MMBZ5244B-7-FSOT23
ZD106,MB,Z.D 0.5W 18V MMSZ5248B-7-FSOD123
ZD107,MB,Z.D 0.5W 18V MMSZ5248B-7-FSOD123
ZD103,MB,Z.D 0.5W 20V MMSZ5250B-7-FSOD123
ZD104,MB,Z.D 0.5W 20V MMSZ5250B-7-FSOD123
ZD105,MB,Z.D 0.5W 20V MMSZ5250B-7-FSOD123
IC001,MB,IC DRIVER 6P UCC27511DBVR SOT23
IC103,MB,IC DRIVER 8P UCC27424DR SO
IC112,MB,IC DRIVER 8P UCC27424DR SO
IC102,MB,IC PWM 6P TPS560430YDBVR SOT23
PC001,MB,IC PHO 4PLTV-1007-TP1-G80-160SOP
IC106,MB,IC MONITOR 16PACS733KLATR-40AB-T
IC107,MB,IC MONITOR 16PACS733KLATR-40AB-T
IC104,MB,IC INTERF 16P UCC21520ADWR SOIC
IC105,MB,IC INTERF 16P UCC21520ADWR SOIC
RV009,MB,ABSORBER 350V 500A SPG-351L
RV010,MB,ABSORBER 350V 500A SPG-351L
RV011,MB,ABSORBER 350V 500A SPG-351L
RV012,MB,ABSORBER 350V 500A SPG-351L
RV013,MB,ABSORBER 350V 500A SPG-351L
RV014,MB,ABSORBER 350V 500A SPG-351L
RT101,MB,R.TH TTC 10KF0805TSM2A103F34D1HZ
RT102,MB,R.TH TTC 10KF0805TSM2A103F34D1HZ
R189,MB,R.WW 17 7W J S HVN FTABT
R192,MB,R.SQ 1.3 5W J RGW FTABT
R867,MB,R.MF 0.1 1/8W F 0805 PT YAGEO
R868,MB,R.MF 0.1 1/8W F 0805 PT YAGEO
R124,MB,R.MF 100K 1/16W F 0402 RC YAGEO
R123,MB,R.MF 300K 1/16W F 0402 RC YAGEO
R040,MB,R.MF 100 1/10W F 0603 RC YAGEO
R047,MB,R.MF 100 1/10W F 0603 RC YAGEO
R151,MB,R.MF 100 1/10W F 0603 RC YAGEO
R152,MB,R.MF 100 1/10W F 0603 RC YAGEO
R156,MB,R.MF 100 1/10W F 0603 RC YAGEO
R157,MB,R.MF 100 1/10W F 0603 RC YAGEO
R199,MB,R.MF 162 1/10W F 0603 RC YAGEO
R049,MB,R.MF 200 1/10W F 0603 RC YAGEO
R081,MB,R.MF 200 1/10W F 0603 RC YAGEO
R052,MB,R.MF 619 1/10W F 0603 RC YAGEO
R050,MB,R.MF 619 1/10W F 0603 RC YAGEO
R056,MB,R.MF 619 1/10W F 0603 RC YAGEO
R054,MB,R.MF 619 1/10W F 0603 RC YAGEO
R112,MB,R.MF 619 1/10W F 0603 RC YAGEO
R113,MB,R.MF 619 1/10W F 0603 RC YAGEO
R116,MB,R.MF 619 1/10W F 0603 RC YAGEO
R117,MB,R.MF 619 1/10W F 0603 RC YAGEO
R139,MB,R.MF 1K 1/10W F 0603 WR WALSIN
R140,MB,R.MF 1K 1/10W F 0603 WR WALSIN
R177,MB,R.MF 1K 1/10W F 0603 WR WALSIN
R182,MB,R.MF 1K 1/10W F 0603 WR WALSIN
R153,MB,R.MF 2.05K 1/10W F 0603 RC YAGEO
R158,MB,R.MF 2.05K 1/10W F 0603 RC YAGEO
R159,MB,R.MF 2.05K 1/10W F 0603 RC YAGEO
R178,MB,R.MF 2.05K 1/10W F 0603 RC YAGEO
R119,MB,R.MF 4.02K 1/10W F 0603 RC YAGEO
R180,MB,R.MF 4.02K 1/10W F 0603 RC YAGEO
R121,MB,R.MF 4.99K 1/10W F 0603 RC YAGEO
R194,MB,R.MF 4.99K 1/10W F 0603 RC YAGEO
R169,MB,R.MF 6.8K 1/10W F 0603 RC YAGEO
R172,MB,R.MF 6.8K 1/10W F 0603 RC YAGEO
R118,MB,R.MF 10K 1/10W F 0603 RC YAGEO
R122,MB,R.MF 10K 1/10W F 0603 RC YAGEO
R141,MB,R.MF 10K 1/10W F 0603 RC YAGEO
R142,MB,R.MF 10K 1/10W F 0603 RC YAGEO
R148,MB,R.MF 10K 1/10W F 0603 RC YAGEO
R173,MB,R.MF 10K 1/10W F 0603 RC YAGEO
R174,MB,R.MF 10K 1/10W F 0603 RC YAGEO
R175,MB,R.MF 10K 1/10W F 0603 RC YAGEO
R502,MB,R.MF 10K 1/10W F 0603 RC YAGEO
R513,MB,R.MF 10K 1/10W F 0603 RC YAGEO
R517,MB,R.MF 20K 1/10W F 0603 RC YAGEO
R518,MB,R.MF 20K 1/10W F 0603 RC YAGEO
R147,MB,R.MF 25.5K 1/10W F 0603 RC YAGEO
R048,MB,R.MF 100K 1/10W F 0603 RC YAGEO
R161,MB,R.MF 100K 1/10W F 0603 RC YAGEO
R120,MB,R.MF 100K 1/10W F 0603 RC YAGEO
R198,MB,R.MF 100K 1/10W F 0603 RC YAGEO
R103,MB,R.MF 100K 1/10W F 0603 RC YAGEO
R104,MB,R.MF 100K 1/10W F 0603 RC YAGEO
R105,MB,R.MF 100K 1/10W F 0603 RC YAGEO
R109,MB,R.MF 100K 1/10W F 0603 RC YAGEO
R051,MB,R.MF 100K 1/10W F 0603 RC YAGEO
R053,MB,R.MF 100K 1/10W F 0603 RC YAGEO
R055,MB,R.MF 100K 1/10W F 0603 RC YAGEO
R057,MB,R.MF 100K 1/10W F 0603 RC YAGEO
R125,MB,R.MF 154K 1/10W F 0603 RC YAGEO
R068,MB,R.MF 200K 1/10W F 0603 RC YAGEO
R086,MB,R.MF 200K 1/10W F 0603 RC YAGEO
R108,MB,R.MF 5.11 1/8W F 0805 RC YAGEO
R184,MB,R.MF 5.11 1/8W F 0805 RC YAGEO
R186,MB,R.MF 5.11 1/8W F 0805 RC YAGEO
R188,MB,R.MF 5.11 1/8W F 0805 RC YAGEO
R154,MB,R.MF 10 1/8W F 0805 RC YAGEO
R163,MB,R.MF 3.01K 1/8W F 0805 RC YAGEO
R165,MB,R.MF 3.01K 1/8W F 0805 RC YAGEO
R167,MB,R.MF 3.01K 1/8W F 0805 RC YAGEO
R170,MB,R.MF 3.01K 1/8W F 0805 RC YAGEO
R007,MB,R.MF 10K 1/8W F 0805 WR WALSIN
R019,MB,R.MF 10K 1/8W F 0805 WR WALSIN
R106,MB,R.MF 10K 1/8W F 0805 WR WALSIN
R110,MB,R.MF 10K 1/8W F 0805 WR WALSIN
R114,MB,R.MF 10K 1/8W F 0805 WR WALSIN
R193,MB,R.MF 10K 1/8W F 0805 WR WALSIN
R011,MB,R.MF 1 1/4W F 1206 RC YAGEO
R012,MB,R.MF 1 1/4W F 1206 RC YAGEO
R058,MB,R.MF 1 1/4W F 1206 RC YAGEO
R059,MB,R.MF 1 1/4W F 1206 RC YAGEO
R099,MB,R.MF 1 1/4W F 1206 RC YAGEO
R100,MB,R.MF 1 1/4W F 1206 RC YAGEO
R101,MB,R.MF 1 1/4W F 1206 RC YAGEO
R102,MB,R.MF 1 1/4W F 1206 RC YAGEO
R143,MB,R.MF 1 1/4W F 1206 RC YAGEO
R149,MB,R.MF 1 1/4W F 1206 RC YAGEO
R197,MB,R.MF 1 1/4W F 1206 RC YAGEO
R501,MB,R.MF 1 1/4W F 1206 RC YAGEO
R520,MB,R.MF 1 1/4W F 1206 RC YAGEO
R521,MB,R.MF 1 1/4W F 1206 RC YAGEO
R038,MB,R.MF 2 1/4W F 1206 RC YAGEO
R138,MB,R.MF 2 1/4W F 1206 RC YAGEO
R144,MB,R.MF 2 1/4W F 1206 RC YAGEO
R146,MB,R.MF 2 1/4W F 1206 RC YAGEO
R150,MB,R.MF 2 1/4W F 1206 RC YAGEO
R155,MB,R.MF 2 1/4W F 1206 RC YAGEO
R160,MB,R.MF 2 1/4W F 1206 RC YAGEO
R162,MB,R.MF 2 1/4W F 1206 RC YAGEO
R164,MB,R.MF 2 1/4W F 1206 RC YAGEO
R166,MB,R.MF 2 1/4W F 1206 RC YAGEO
R176,MB,R.MF 2 1/4W F 1206 RC YAGEO
R181,MB,R.MF 2 1/4W F 1206 RC YAGEO
R519,MB,R.MF 2 1/4W F 1206 RC YAGEO
R187,MB,R.MF 10 1/4W F 1206 RC YAGEO
R190,MB,R.MF 10 1/4W F 1206 RC YAGEO
R191,MB,R.MF 10 1/4W F 1206 RC YAGEO
R195,MB,R.MF 10 1/4W F 1206 RC YAGEO
R196,MB,R.MF 20 1/4W F 1206 WR WALSIN
R073,MB,R.MF 1K 1/4W F 1206 RC YAGEO
R096,MB,R.MF 1K 1/4W F 1206 RC YAGEO
R179,MB,R.MF 1K 1/4W F 1206 RC YAGEO
R039,MB,R.MF 1.24K 1/4W F 1206 RC YAGEO
R045,MB,R.MF 6.04K 1/4W F 1206 RC YAGEO
R046,MB,R.MF 6.04K 1/4W F 1206 RC YAGEO
R079,MB,R.MF 6.04K 1/4W F 1206 RC YAGEO
R080,MB,R.MF 6.04K 1/4W F 1206 RC YAGEO
R071,MB,R.MF 150K 1/4W F 1206 RC YAGEO
R094,MB,R.MF 150K 1/4W F 1206 RC YAGEO
R032,MB,R.HV 243K 1/4W F RV500V1206YAGEO
R033,MB,R.HV 243K 1/4W F RV500V1206YAGEO
R034,MB,R.HV 243K 1/4W F RV500V1206YAGEO
R035,MB,R.HV 243K 1/4W F RV500V1206YAGEO
R036,MB,R.HV 243K 1/4W F RV500V1206YAGEO
R037,MB,R.HV 243K 1/4W F RV500V1206YAGEO
R126,MB,R.HV 680K 1/4W F RV500V1206YAGEO
R127,MB,R.HV 680K 1/4W F RV500V1206YAGEO
R128,MB,R.HV 680K 1/4W F RV500V1206YAGEO
R129,MB,R.HV 680K 1/4W F RV500V1206YAGEO
R130,MB,R.HV 680K 1/4W F RV500V1206YAGEO
R131,MB,R.HV 680K 1/4W F RV500V1206YAGEO
R132,MB,R.HV 680K 1/4W F RV500V1206YAGEO
R133,MB,R.HV 680K 1/4W F RV500V1206YAGEO
R134,MB,R.HV 680K 1/4W F RV500V1206YAGEO
R135,MB,R.HV 680K 1/4W F RV500V1206YAGEO
R136,MB,R.HV 680K 1/4W F RV500V1206YAGEO
R137,MB,R.HV 680K 1/4W F RV500V1206YAGEO
C006,MB,C.DIS 3300PF 400V M E 10T AH
C007,MB,C.DIS 3300PF 400V M E 10T AH
C013,MB,C.DIS 3300PF 400V M E 10T AH
C014,MB,C.DIS 3300PF 400V M E 10T AH
C199,MB,C.DIS 1000PF 400V M E 10T AH-D
C114,MB,C.MEX X2 1.5UF 310V K 22.5 MKP
C008,MB,C.MEX X2 1.5UF 310V K 22.5T MKP
C009,MB,C.MEX X2 1.5UF 310V K 22.5T MKP
C115,MB,C.MEX X2 1.5UF 310V K 22.5T MKP
C186,MB,C.MON 220PF 50V J NPO 0402 0402N
C189,MB,C.MON 220PF 50V J NPO 0402 0402N
C133,MB,C.MON 1000PF 50V K X7R0402CC0402
C135,MB,C.MON 1000PF 50V K X7R0402CC0402
C184,MB,C.MON 0.1UF 25V K X7R 0402CC0402
C187,MB,C.MON 0.1UF 25V K X7R 0402CC0402
C106,MB,C.MON 100PF 50V K X7R 0603CC0603
C107,MB,C.MON 100PF 50V K X7R 0603CC0603
C145,MB,C.MON 100PF 50V K X7R 0603CC0603
C146,MB,C.MON 100PF 50V K X7R 0603CC0603
C025,MB,C.MON 220PF 50V KX7R 0603 CC0603
C028,MB,C.MON 220PF 50V KX7R 0603 CC0603
C031,MB,C.MON 220PF 50V KX7R 0603 CC0603
C036,MB,C.MON 220PF 50V KX7R 0603 CC0603
C037,MB,C.MON 220PF 50V KX7R 0603 CC0603
C064,MB,C.MON 220PF 50V KX7R 0603 CC0603
C067,MB,C.MON 220PF 50V KX7R 0603 CC0603
C070,MB,C.MON 220PF 50V KX7R 0603 CC0603
C071,MB,C.MON 220PF 50V KX7R 0603 CC0603
C159,MB,C.MON 220PF 50V KX7R 0603 CC0603
C018,MB,C.MON 470PF 50V J NPO 0603CC0603
C158,MB,C.MON 470PF 50V K X7R 0603CC0603
C163,MB,C.MON 470PF 50V K X7R 0603CC0603
C164,MB,C.MON 470PF 50V K X7R 0603CC0603
C190,MB,C.MON 470PF 50V K X7R 0603CC0603
C016,MB,C.MON 2200PF 50V J NPO0603CC0603
C050,MB,C.MON 2200PF 50V J NPO0603CC0603
C052,MB,C.MON 2200PF 50V J NPO0603CC0603
C126,MB,C.MON 2200PF 50V K X7R0603CC0603
C136,MB,C.MON 2200PF 50V K X7R0603CC0603
C162,MB,C.MON 3300PF 50V K X7R0603CC0603
C167,MB,C.MON 3300PF 50V K X7R0603CC0603
C118,MB,C.MON 3300PF 50V K X7R0603CC0603
C121,MB,C.MON 3300PF 50V K X7R0603CC0603
C128,MB,C.MON 3300PF 50V K X7R0603CC0603
C193,MB,C.MON 3300PF 50V K X7R0603CC0603
C010,MB,C.MON 0.1UF 50V K X7R 0603CC0603
C019,MB,C.MON 0.1UF 50V K X7R 0603CC0603
C103,MB,C.MON 0.1UF 50V K X7R 0603CC0603
C109,MB,C.MON 0.1UF 50V K X7R 0603CC0603
C129,MB,C.MON 0.1UF 50V K X7R 0603CC0603
C161,MB,C.MON 0.1UF 50V K X7R 0603CC0603
C166,MB,C.MON 0.1UF 50V K X7R 0603CC0603
C168,MB,C.MON 0.1UF 50V K X7R 0603CC0603
C172,MB,C.MON 0.1UF 50V K X7R 0603CC0603
C176,MB,C.MON 0.1UF 50V K X7R 0603CC0603
C180,MB,C.MON 0.1UF 50V K X7R 0603CC0603
C111,MB,C.MON 1UF 25V K X7R 0603 NCC
C113,MB,C.MON 1UF 25V K X7R 0603 NCC
C004,MB,C.MON 2200PF 50V K X7R 08050805B
C100,MB,C.MON 2200PF 50V K X7R 08050805B
C105,MB,C.MON 1UF 50V K X7R 0805 0805B
C110,MB,C.MON 1UF 50V K X7R 0805 0805B
C127,MB,C.MON 2.2UF 25V K X7R 0805 TAIYO
C137,MB,C.MON 2.2UF 25V K X7R 0805 TAIYO
C140,MB,C.MON 10UF 25V K X6S 0805 GRM21B
C141,MB,C.MON 10UF 25V K X6S 0805 GRM21B
C142,MB,C.MON 10UF 25V K X6S 0805 GRM21B
C143,MB,C.MON 10UF 25V K X6S 0805 GRM21B
C144,MB,C.MON 10UF 25V K X6S 0805 GRM21B
C185,MB,C.MON 10UF 25V K X6S 0805 GRM21B
C188,MB,C.MON 10UF 25V K X6S 0805 GRM21B
C119,MB,C.MON 220PF 630V J NPO 0805C0805
C120,MB,C.MON 220PF 630V J NPO 0805C0805
C122,MB,C.MON 220PF 630V J NPO 0805C0805
C123,MB,C.MON 220PF 630V J NPO 0805C0805
C124,MB,C.MON 220PF 630V J NPO 0805C0805
C125,MB,C.MON 220PF 630V J NPO 0805C0805
C191,MB,C.MON 220PF 630V J NPO 0805C0805
C192,MB,C.MON 220PF 630V J NPO 0805C0805
C194,MB,C.MON 220PF 630V J NPO 0805C0805
C195,MB,C.MON 220PF 630V J NPO 0805C0805
C196,MB,C.MON 220PF 630V J NPO 0805C0805
C197,MB,C.MON 220PF 630V J NPO 0805C0805
C108,MB,C.MON 1UF 50V K X7R 1206 SH
C147,MB,C.MON 1UF 50V K X7R 1206 SH
C024,MB,C.MON 10UF 25V K X7R 1206 MJ316
C032,MB,C.MON 10UF 25V K X7R 1206 MJ316
C033,MB,C.MON 10UF 25V K X7R 1206 MJ316
C038,MB,C.MON 10UF 25V K X7R 1206 MJ316
C039,MB,C.MON 10UF 25V K X7R 1206 MJ316
C056,MB,C.MON 10UF 25V K X7R 1206 MJ316
C058,MB,C.MON 10UF 25V K X7R 1206 MJ316
C059,MB,C.MON 10UF 25V K X7R 1206 MJ316
C063,MB,C.MON 10UF 25V K X7R 1206 MJ316
C112,MB,C.MON 10UF 25V K X7R 1206 MJ316
C130,MB,C.MON 10UF 25V K X7R 1206 MJ316
C131,MB,C.MON 10UF 25V K X7R 1206 MJ316
C132,MB,C.MON 10UF 25V K X7R 1206 MJ316
C134,MB,C.MON 10UF 25V K X7R 1206 MJ316
C148,MB,C.MON 10UF 25V K X7R 1206 MJ316
C149,MB,C.MON 10UF 25V K X7R 1206 MJ316
C150,MB,C.MON 10UF 25V K X7R 1206 MJ316
C151,MB,C.MON 10UF 25V K X7R 1206 MJ316
C152,MB,C.MON 10UF 25V K X7R 1206 MJ316
C153,MB,C.MON 10UF 25V K X7R 1206 MJ316
C154,MB,C.MON 10UF 25V K X7R 1206 MJ316
C155,MB,C.MON 10UF 25V K X7R 1206 MJ316
C156,MB,C.MON 10UF 25V K X7R 1206 MJ316
C157,MB,C.MON 10UF 25V K X7R 1206 MJ316
C160,MB,C.MON 10UF 25V K X7R 1206 MJ316
C165,MB,C.MON 10UF 25V K X7R 1206 MJ316
C169,MB,C.MON 10UF 25V K X7R 1206 MJ316
C170,MB,C.MON 10UF 25V K X7R 1206 MJ316
C171,MB,C.MON 10UF 25V K X7R 1206 MJ316
C173,MB,C.MON 10UF 25V K X7R 1206 MJ316
C174,MB,C.MON 10UF 25V K X7R 1206 MJ316
C175,MB,C.MON 10UF 25V K X7R 1206 MJ316
C177,MB,C.MON 10UF 25V K X7R 1206 MJ316
C178,MB,C.MON 10UF 25V K X7R 1206 MJ316
C179,MB,C.MON 10UF 25V K X7R 1206 MJ316
C181,MB,C.MON 10UF 25V K X7R 1206 MJ316
C182,MB,C.MON 10UF 25V K X7R 1206 MJ316
C183,MB,C.MON 10UF 25V K X7R 1206 MJ316
C139,MB,C.MON 0.1UF 50V K X7R 0805 2238
C002,MB,C.MON ST 0.1UF 630V K X7R 1210TX
C003,MB,C.MON ST 0.1UF 630V K X7R 1210TX
C098,MB,C.MON ST 0.1UF 630V K X7R 1210TX
C099,MB,C.MON ST 0.1UF 630V K X7R 1210TX
C104,MB,C.MON ST 0.22UF 630V K X7R1812SH
C198,MB,C.MON ST 0.22UF 630V K X7R1812SH
C247,MB,C.MON ST 0.22UF 630V K X7R1812SH
C259,MB,C.MON ST 0.22UF 630V K X7R1812SH
C138,MB,C.PLM 220UF 25V M 8*11.5 PSG3.5T
C995,MB,C.OSC 47UF 35V M 6.3*5.9 SVPK
C996,MB,C.OSC 47UF 35V M 6.3*5.9 SVPK
L001,MB,CHOKE SQ27.5*22.5*8 11.5MH
L002,MB,CHOKE SQ27.5*22.5*8 11.5MH
L003,MB,CHOKE T25*15*13 12200UH MIN
L010,MB,CHIP BEAD PBY201209T-400Y-N
L110,MB,CHIP BEAD PBY201209T-400Y-N
L111,MB,CHIP BEAD PBY201209T-400Y-N
L112,MB,CHIP BEAD PBY201209T-400Y-N
L113,MB,CHIP BEAD PBY201209T-400Y-N
L100,MB,PFCCHOKE330PQ88.4/28/35.8/6.715%
L149,MB,CHIP BEAD FBMA-11-160808-601T
L150,MB,INDUCTOR 47UH 20% LVS404018470MN PULSE
T101,MB,XFMR S2422-1ADU EE1312 SSP-44A
T102,MB,XFMR S2422-1ADU EE10 SSP-44A
RT100,MB,CNTR 2P 10 NTSA1103FP071B
S1-S3,MB,CNTR 7P+7P 1061 #28 38
S1-S3,MB,CNTR 14P+14P 1061 #28 38
S3-S7 LED CABLE,MB,CNTR 9P+9P 1061 #28 665
S2-MB AC2-N1-FLY1CABLE,MB,WIRE+T+H 1015#16 680 W+B+Y+R 2.0
S2-MB AC2-L1-FLY1 CABLE,MB,WIRE+T+H 1015#16 680 W+B+Y+R 2.0
S2-MBAC1-N1-FLY1 CABLE,MB,WIRE+T+H 1015#16 680 W+B+Y+R 2.0
S2-MB AC1-L1-FLY1CABLE,MB,WIRE+T+H 1015#16 680 W+B+Y+R 2.0
CASE-TOP,MB,CASE-TOP 799*84.7*39 SGCC
CASE-BTM,MB,CASE-BTM 826.9*84*39 SGCC
MB L100,MB,BRACKET 85.4*43.65*3.8 SPTE
SMD-BRP,MB,PCB SUPPORT 5.5*3.1 BR
SMD-BRN,MB,PCB SUPPORT 5.5*3.1 BR
SMD-BR57,MB,BRACKET 14.4*6.0*1.5 CU
SMD-BR58,MB,BRACKET 14.4*6.0*1.5 CU
SMD-BR59,MB,BRACKET 14.4*6.0*1.5 CU
SMD-BR60,MB,BRACKET 14.4*6.0*1.5 CU
SMD-BR61,MB,BRACKET 13.6*3.2*1.0 CU
SMD-BR62,MB,BRACKET 13.6*3.2*1.0 CU
SMD-BR63,MB,BRACKET 13.6*3.2*1.0 CU
SMD-BR64,MB,BRACKET 13.6*3.2*1.0 CU
SMD-BR65,MB,BRACKET 13.6*3.2*1.0 CU
SMD-BR66,MB,BRACKET 13.6*3.2*1.0 CU
SMD-BR67,MB,BRACKET 13.6*3.2*1.0 CU
SMD-BR68,MB,BRACKET 13.6*3.2*1.0 CU
SMD-BR69,MB,BRACKET 13.6*3.2*1.0 CU
SMD-BR70,MB,BRACKET 13.6*3.2*1.0 CU
SMD-BR71,MB,BRACKET 13.6*3.2*1.0 CU
SMD-BR72,MB,BRACKET 13.6*3.2*1.0 CU
SMD-BR74,MB,BRACKET 13.6*3.2*1.0 CU
SMD-BR75,MB,BRACKET 13.6*3.2*1.0 CU
SMD-BR76,MB,BRACKET 13.6*3.2*1.0 CU
SMD-BR77,MB,BRACKET 13.6*3.2*1.0 CU
SMD-BR78,MB,BRACKET 13.6*3.2*1.0 CU
SMD-BR79,MB,BRACKET 13.6*3.2*1.0 CU
SMD-BR73,MB,BRACKET 9*2*1.0 CU
FAN BRACKET-LONG,MB,BRACKET 80*8.8*0.8 SGCC
FAN BRACKET-FRONT,MB,BRACKET 80*8.8*0.8 SGCC
CASE COVER BACK,MB,BRACKET 83*32*1 SGCC
ISL-CASE-BTM,MB,ISL-PLT+T 735*81.8*0.25 PC
ISL-CASE-TOP,MB,ISL-PLT+T 728*79.7*0.25 PC
L100 SIDE,MB,ISL-PLT+T 150*8*0.25 PC
HS2 L SIDE,MB,ISL-PAD 84.5*26.5*0.23 RB
HS2 R SIDE,MB,ISL-PAD 84.5*26.5*0.23 RB
HS1,MB,ISL-PAD 23*19.5*0.23 RB
MB BTM,MB,ISL-PLT+T D8*3 RB V0
MB-TAIL,MB,ISL-PLT+T 77*7.2*0.25 PC
M3-4,MB,ISL-PLT+T 10.2*3.1*0.25 PC
M3 SCREW,MB,ISL-PLT+T 10.2*3.1*0.25 PC
CASE BTM SIDE,MB,ISL-PLT+T 106.62*28.79*0.25 PC
FAN ASSY BRACKET,MB,ISL-PLT+T 65*16 (2L) #1350F-1
S2 BTM,MB,ISL-PLT+T 129.8*78*0.25 PC
HS1,MB,HEAT SINK 19.9*19.5*30.9 AL
HS2,MB,HEAT SINK 80.5*21.9*30.8 AL
HS2,MB,SCREW+M TF 3*0.5*6*1.2 NI
CHASSIS(18),MB,SCREW+M CH 3*0.5*4 NI
BUSBAR-3(1),MB,SCREW+M CH 3*0.5*4 NI
8A0ZCN(2),MB,SCREW+M CH 3*0.5*4 NI
MB(4),MB,SCREW+M PH+2W 3*0.5*7 NI
HANDLE(2),MB,SCREW+M PH+2W 3*0.5*7 NI
S4(3),MB,SCREW+M PH+2W 3*0.5*7 NI
LED BOARD(1),MB,SCREW+M PH+2W 3*0.5*7 NI
CASE-BTM(3),MB,SCREW+M PH+2W 3*0.5*7 NI
CASE TOP SCREW-1,MB,SCREW+M TF 4.0*0.7*6 NI
HS1(1),MB,SCREW+M TF+2W 3*0.5*18*1.2 NI
HS2(3),MB,SCREW+M TF+2W 3*0.5*18*1.2 NI
HS1(1),MB,NUT 3*0.5*2.4 ZL
HS2(3),MB,NUT 3*0.5*2.4 ZL
HS201(4),MB,NUT 3*0.5*2.4 ZL
S4 BUSBARCONNECTOR,MB,SCREW+M CH 4*0.7*8 NI
FAN BRACKET,MB,SCREW+T CH 4*1.5*6 NI
FAN BRACKET,MB,SCREW+M CH 3*0.5*32 NI
HS201,MB,SCREW+M TF+2W 3*0.5*13*1.2 NI
S2 AC1 AC2 FIXTERMINALS,MB,SCREW+M PH+2W 3*0.5*5.5 NI
CASE TOP (1),MB,SCREW+M CH 3*0.5*8 NI+NL
FRONT CASE SIDENUT WITH 8A149Y(1),MB,SCREW+M FT 3*0.5*3.5*1.2 NI
HANDLE,MB,HANDLE 71.5*30*10 PC+ABS
CASE BTM,MB,LED LENS 3.3*3.2 PC
CASE-BTM FRONTSIDE NUT,MB,WIRE CLAMP 15.4*6.5 NY66
RE001,MB,RELAYSPNO12V26AHF179F-W/12-H3LTF
RE002,MB,RELAYSPNO12V26AHF179F-W/12-H3LTF
RE003,MB,RELAYSPNO12V26AHF179F-W/12-H3LTF
RE004,MB,RELAYSPNO12V26AHF179F-W/12-H3LTF
RE005,MB,RELAYSPNO12V26AHF179F-W/12-H3LTF
RE006,MB,RELAYSPNO12V26AHF179F-W/12-H3LTF
RE,MB,RELAYSPNO12V26AHF179F-W/12-H3LTF
RE009,MB,REALYDPDT12VHF115F-25/12-H3TF(10
FAN,MB,FAN ASSY 4P
MB,MB,PCB S2442-1ADU 390*77*2.0 4L A
PALLET,MB,PALLET 1170*1140*119
OUT-CTN,MB,OUT-CTN 1027*364*167
WRAP PAPER 0.25PCS/ CTN,MB,WRAP 250*360*0.1
MAIN LABEL,MB,LBL-SPS 150*47 PS-2442-1ADU
EPE TOP,MB,SHAPE PLATE 1027*364*80 EPE
EPE BTM,MB,SHAPE PLATE 1027*364*80 EPE
PSU,MB,PE BAG 900*315*0.06
CTN,MB,BAR CODE 200*100
CASE-TOP SIDE,MB,LBL-CAUT 20*5*0.1
CASE-BTM FRONTSIDE,MB,LBL-BAR 28*6*0.1
CASE-TOP,MB,LBL-LOGO D20 LITEON
S1 BTM,MB,LBL-WARN 20*6*0.1
S3 BTM,MB,LBL-WARN 20*6*0.1
ALL CTN,MB,LBL-WARN 209*146
CARTON,MB,MANUAL 297*210 PS-2442-1ADU
PALLET,MB,BAR CODE 200*100
Q803,S1,TRX NPN/PNP 50V 0.1A KRX201U-RTK
X800,S1,XTAL 10MHZ 20PPM CXA013D4X40 SMD AKER
D805,S1,DIO 40V 1A PMEG4010BEA SOD323
D807,S1,DIO 40V 1A PMEG4010BEA SOD323
D811,S1,DIO 40V 1A PMEG4010BEA SOD323
D812,S1,DIO 40V 1A PMEG4010BEA SOD323
D800,S1,DIO 70V 0.2A PMBD6100 SOT23
D801,S1,DIO 70V 0.2A PMBD6100 SOT23
D802,S1,DIO 70V 0.2A PMBD6100 SOT23
D803,S1,DIO 70V 0.2A PMBD6100 SOT23
D804,S1,DIO 70V 0.2A PMBD6100 SOT23
D806,S1,DIO 70V 0.2A PMBD6100 SOT23
D808,S1,DIO 70V 0.2A PMBD6100 SOT23
ZD112,S1,TVS 200W 5V SMF5.0CA SOD123FL
D813,S1,DIO 75V 0.3A MMBD7000-7F SOT23
D814,S1,DIO 75V 0.3A MMBD7000-7F SOT23
D815,S1,DIO 75V 0.3A MMBD7000-7F SOT23
D816,S1,DIO 75V 0.3A MMBD7000-7F SOT23
IC700,S1,IC MCU 100P F280049CPZS
IC801,S1,IC PWM 6P LV2832Y3DDCR SOT
IC803,S1,IC EEPROM 8P AT25512‑TH‑T
R800,S1,R.CF 0 1/10W J 0603 RC YAGEO
R801,S1,R.CF 0 1/10W J 0603 RC YAGEO
R822,S1,R.CF 0 1/10W J 0603 RC YAGEO
R823,S1,R.CF 0 1/10W J 0603 RC YAGEO
R825,S1,R.MF 10 1/10W F 0603 RC YAGEO
R826,S1,R.MF 10 1/10W F 0603 RC YAGEO
R897,S1,R.MF 20 1/10W F 0603 RC YAGEO
R805,S1,R.MF 30.1 1/10W F 0603 RC YAGEO
R857,S1,R.MF 30.1 1/10W F 0603 RC YAGEO
R858,S1,R.MF 30.1 1/10W F 0603 RC YAGEO
R865,S1,R.MF 30.1 1/10W F 0603 RC YAGEO
R839,S1,R.TN 4.64K 1/10W B 0603RT-EYAGEO
R840,S1,R.TN 4.64K 1/10W B 0603RT-EYAGEO
R806,S1,R.MF 2.2K 1/10W F 0603 WR WALSIN
R855,S1,R.TN 3.3K 1/10W B 0603RT-EYAGEO
R856,S1,R.TN 3.3K 1/10W B 0603RT-EYAGEO
R896,S1,R.TN 3.3K 1/10W B 0603RT-EYAGEO
R899,S1,R.TN 3.3K 1/10W B 0603RT-EYAGEO
R859,S1,R.MF 5.11K 1/10W F 0603 RC YAGEO
R860,S1,R.MF 5.11K 1/10W F 0603 RC YAGEO
R863,S1,R.MF 5.11K 1/10W F 0603 RC YAGEO
R864,S1,R.MF 5.11K 1/10W F 0603 RC YAGEO
R843,S1,R.MF 8.2K 1/10W F 0603 RC YAGEO
R844,S1,R.MF 8.2K 1/10W F 0603 RC YAGEO
R802,S1,R.MF 10K 1/10W F 0603 RC YAGEO
R807,S1,R.MF 10K 1/10W F 0603 RC YAGEO
R808,S1,R.MF 10K 1/10W F 0603 RC YAGEO
R809,S1,R.MF 10K 1/10W F 0603 RC YAGEO
R845,S1,R.MF 10K 1/10W F 0603 RC YAGEO
R846,S1,R.MF 10K 1/10W F 0603 RC YAGEO
R898,S1,R.MF 10K 1/10W F 0603 RC YAGEO
R824,S1,R.TN 17.8K 1/10W B 0603RT-EYAGEO
R853,S1,R.TN 17.8K 1/10W B 0603RT-EYAGEO
R854,S1,R.TN 17.8K 1/10W B 0603RT-EYAGEO
R708,S1,R.MF 27.4K 1/10W F 0603 WRWALSIN
R709,S1,R.MF 27.4K 1/10W F 0603 WRWALSIN
R580,S1,R.MF 51.1K 1/10W F 0603 RC YAGEO
R820,S1,R.MF 100K 1/10W F 0603 RC YAGEO
R861,S1,R.MF 100K 1/10W F 0603 RC YAGEO
R862,S1,R.MF 100K 1/10W F 0603 RC YAGEO
R819,S1,R.MF 300K 1/10W F 0603 WR WALSIN
R821,S1,R.MF 10 1/8W F 0805 RC YAGEO
R818,S1,R.MF 1 1/4W F 1206 WR WALSIN
C801,S1,C.MON 0.1UF 50V K X7R 0402CC0402
C804,S1,C.MON 0.1UF 50V K X7R 0402CC0402
C806,S1,C.MON 0.1UF 50V K X7R 0402CC0402
C810,S1,C.MON 0.1UF 50V K X7R 0402CC0402
C819,S1,C.MON 0.1UF 50V K X7R 0402CC0402
C820,S1,C.MON 0.1UF 50V K X7R 0402CC0402
C848,S1,C.MON 0.1UF 50V K X7R 0402CC0402
C849,S1,C.MON 0.1UF 50V K X7R 0402CC0402
C851,S1,C.MON 0.1UF 50V K X7R 0402CC0402
C852,S1,C.MON 0.1UF 50V K X7R 0402CC0402
C853,S1,C.MON 0.1UF 50V K X7R 0402CC0402
C855,S1,C.MON 0.1UF 50V K X7R 0402CC0402
C856,S1,C.MON 0.1UF 50V K X7R 0402CC0402
C811,S1,C.MON 20PF 50V J NPO 0603 0603B
C812,S1,C.MON 20PF 50V J NPO 0603 0603B
C814,S1,C.MON 47PF 50V J NPO 0603 0603N
C815,S1,C.MON 47PF 50V J NPO 0603 0603N
C824,S1,C.MON 47PF 50V J NPO 0603 0603N
C825,S1,C.MON 47PF 50V J NPO 0603 0603N
C886,S1,C.MON 47PF 50V J NPO 0603 0603N
C817,S1,C.MON 220PF 50V KX7R 0603 CC0603
C844,S1,C.MON 470PF 50V K X7R 0603CC0603
C872,S1,C.MON 470PF 50V K X7R 0603CC0603
C818,S1,C.MON 1000PF 50V K X7R0603CC0603
C838,S1,C.MON 1000PF 50V K X7R0603CC0603
C839,S1,C.MON 1000PF 50V K X7R0603CC0603
C866,S1,C.MON 1000PF 50V K X7R0603CC0603
C885,S1,C.MON 1000PF 50V K X7R0603CC0603
C826,S1,C.MON 2200PF 50V J NPO0603CC0603
C840,S1,C.MON 2200PF 50V J NPO0603CC0603
C841,S1,C.MON 2200PF 50V J NPO0603CC0603
C836,S1,C.MON 4700PF 50V K X7R 0603 2R
C837,S1,C.MON 4700PF 50V K X7R 0603 2R
C813,S1,C.MON 0.1UF 50V K X7R 0603CC0603
C887,S1,C.MON 0.1UF 50V K X7R 0603CC0603
C827,S1,C.MON 0.01UF 50V K X7R 06030603B
C828,S1,C.MON 0.01UF 50V K X7R 06030603B
C842,S1,C.MON 1UF 16V K X7R 0603 CC0603
C843,S1,C.MON 1UF 16V K X7R 0603 CC0603
C889,S1,C.MON 1UF 16V K X7R 0603 CC0603
C890,S1,C.MON 1UF 16V K X7R 0603 CC0603
C888,S1,C.MON 1UF 25V K X7R 0603 NCC
C832,S1,C.MON 0.47UF 50V K X7R0805CC0805
C833,S1,C.MON 0.47UF 50V K X7R0805CC0805
C834,S1,C.MON 0.47UF 50V K X7R0805CC0805
C835,S1,C.MON 0.47UF 50V K X7R0805CC0805
C816,S1,C.MON 10UF 25V K X6S 0805 GRM21B
C821,S1,C.MON 10UF 25V K X6S 0805 GRM21B
C822,S1,C.MON 10UF 25V K X6S 0805 GRM21B
C823,S1,C.MON 10UF 25V K X6S 0805 GRM21B
C861,S1,C.MON 10UF 25V K X6S 0805 GRM21B
C862,S1,C.MON 10UF 25V K X6S 0805 GRM21B
C863,S1,C.MON 10UF 25V K X6S 0805 GRM21B
C865,S1,C.MON 10UF 25V K X6S 0805 GRM21B
C800,S1,C.MON 22UF 16V M X6S 0805 GRM
C802,S1,C.MON 22UF 16V M X6S 0805 GRM
C803,S1,C.MON 22UF 16V M X6S 0805 GRM
C805,S1,C.MON 22UF 16V M X6S 0805 GRM
C807,S1,C.MON 22UF 16V M X6S 0805 GRM
C808,S1,C.MON 22UF 16V M X6S 0805 GRM
C809,S1,C.MON 22UF 16V M X6S 0805 GRM
C831,S1,C.MON 22UF 16V M X6S 0805 GRM
C847,S1,C.MON 22UF 16V M X6S 0805 GRM
C850,S1,C.MON 22UF 16V M X6S 0805 GRM
C854,S1,C.MON 22UF 16V M X6S 0805 GRM
C857,S1,C.MON 22UF 16V M X6S 0805 GRM
C858,S1,C.MON 22UF 16V M X6S 0805 GRM
C859,S1,C.MON 22UF 16V M X6S 0805 GRM
C860,S1,C.MON 22UF 16V M X6S 0805 GRM
C864,S1,C.MON 22UF 16V M X6S 0805 GRM
L800,S1,CHIP BEAD FCM1608KF-121T06
L801,S1,INDUCTOR 10UH 20% LVS404018100MN LITE-ON
L802,S1,CHIP BEAD FBMA-11-160808-601T
CN701B,S1,PIN HEADER RP 7P1.25 CI4407M1HR0
CN702B,S1,PIN HEADER RP14P1.25 CI4414M1HR0
JPM800,S1,PIN HEADER RP 7P 1.25 A1254WR0
JPM100,S1,WAFER RP 5P0.5PBTNY6TCF25051DSMD
JPM101,S1,WAFER RP 5P0.5PBTNY6TCF25051DSMD
CN703B,S1,BREAKAWAY PHDR 2*18P 2.0 BG
S1,S1,BRACKET 50*20*0.3 SPTE
S1,S1,BRACKET 50*24.5*0.3 SPTE
S1,S1,PCB S24421ADU-1 70*32*1.6 4L A
D608,S2,DIO 30V 12A SS12P3L-M3/86 TO277A
RV001,S2,ABSORBER 395V8KATVR14621KFAB353W
RV002,S2,ABSORBER 395V8KATVR14621KFAB353W
RV003,S2,ABSORBER 395V8KATVR14621KFAB353W
RV004,S2,ABSORBER 395V8KATVR14621KFAB353W
RV005,S2,ABSORBER 395V8KATVR14621KFAB353W
RV006,S2,ABSORBER 395V8KATVR14621KFAB353W
RV007,S2,SPARKGAP 3KV 3KA DA53-302MT-A22F
RV008,S2,SPARKGAP 3KV 3KA DA53-302MT-A22F
RT207,S2,R.TH TTC 10KF4D TTC3A103F34D1QY2
R715,S2,R.MF 1 1/4W F 1206 WR WALSIN
L701,S2,R.MF 10 1/8W F 0805 RC YAGEO
R001,S2,R.HV 340K 1/4W F RV500V1206YAGEO
R002,S2,R.HV 340K 1/4W F RV500V1206YAGEO
R003,S2,R.HV 340K 1/4W F RV500V1206YAGEO
R004,S2,R.HV 340K 1/4W F RV500V1206YAGEO
R005,S2,R.HV 340K 1/4W F RV500V1206YAGEO
R006,S2,R.HV 340K 1/4W F RV500V1206YAGEO
C011,S2,C.DIS 3300PF 400V M E 10T AH
C012,S2,C.DIS 3300PF 400V M E 10T AH
C015,S2,C.DIS 3300PF 400V M E 10T AH
C017,S2,C.DIS 3300PF 400V M E 10T AH
C001,S2,C.MEX X2 0.15UF 310V K 10 MKP
C005,S2,C.MEX X2 0.15UF 310V K 10 MKP
C709,S2,C.MON 680PF 50V K X7R 0603 0603B
C707,S2,C.MON 0.015UF 50V K X7R06030603B
C712,S2,C.MON 0.015UF 50V K X7R06030603B
C708,S2,C.MON 680PF 50V K X7R 0603 0603B
C710,S2,C.MON 680PF 50V K X7R 0603 0603B
C711,S2,C.MON 680PF 50V K X7R 0603 0603B
C713,S2,C.MON 0.22UF 50V K X7R0603CC0603
C617,S2,C.MON 10UF 25V K X7R 1206 MJ316
C648,S2,C.MON 10UF 25V K X7R 1206 MJ316
C649,S2,C.MON 10UF 25V K X7R 1206 MJ316
C650,S2,C.MON 10UF 25V K X7R 1206 MJ316
L700,S2,CHIP BEAD PBY201209T-601Y-N
CN104A,S2,PIN HEADER SP 2*12P 2.0 CLT11202
CN201,S2,BUS CN 5P+25S 10155633-0505B05LF
S2 SHIELDING,S2,BRACKET 62.5*18.5*0.3 SPTE
SMD-SC2,S2,PCB SUPPORT 5.5*3.1 BR
SMD-GDT,S2,PCB SUPPORT 5.5*3.1 BR
SMD-AC1L,S2,PCB SUPPORT 5.5*3.1 BR
SMD-AC1N,S2,PCB SUPPORT 5.5*3.1 BR
SMD-AC2L,S2,PCB SUPPORT 5.5*3.1 BR
SMD-AC2N,S2,PCB SUPPORT 5.5*3.1 BR
SMD-SC1,S2,PCB SUPPORT 8*3.1 BR
SMD-BR83,S2,BRACKET 2*6*1.2 CU
SMD-BR84,S2,BRACKET 2*6*1.2 CU
SMD-BR85,S2,BRACKET 2*6*1.2 CU
SMD-BR86,S2,BRACKET 2*6*1.2 CU
SMD-BR87,S2,BRACKET 2*6*1.2 CU
SMD-BR88,S2,BRACKET 2*6*1.2 CU
SMD-BR89,S2,BRACKET 2*6*1.2 CU
SMD-BR90,S2,BRACKET 2*6*1.2 CU
SMD-BR91,S2,BRACKET 2*6*1.2 CU
SMD-BR92,S2,BRACKET 2*6*1.2 CU
SMD-BRA1,S2,BRACKET 2*6*1.2 CU
SMD-BRA2,S2,BRACKET 2*6*1.2 CU
SMD-BRA3,S2,BRACKET 2*6*1.2 CU
SMD-BRA4,S2,BRACKET 2*6*1.2 CU
SMD-BRA5,S2,BRACKET 2*6*1.2 CU
SMD-BRA6,S2,BRACKET 2*6*1.2 CU
SMD-BRA7,S2,BRACKET 2*6*1.2 CU
S2 LOCK SCREW,S2,SCREW+M TF 3*0.5*5*1.2 NI+NL
SMD-SC3,S2,PCB SUPPORT 5.5*3.5 BR
S2 BTM SMD-GDT,S2,ISL-PLT+T 32.2*12.2*0.25 PC
RV001,S2,RUBBER 19*22*0.15 RB GRAY
RV002,S2,RUBBER 19*22*0.15 RB GRAY
RV003,S2,RUBBER 19*22*0.15 RB GRAY
RV004,S2,RUBBER 19*22*0.15 RB GRAY
RV005,S2,RUBBER 19*22*0.15 RB GRAY
RV006,S2,RUBBER 19*22*0.15 RB GRAY
RV007 RV008,S2,ISL-PLT+T 40*38 (2L) #1350F-1
FS001,S2,FUSE FB 500V 25A 7*33 0505025MX
FS002,S2,FUSE FB 500V 25A 7*33 0505025MX
FS003,S2,FUSE FB 500V 25A 7*33 0505025MX
FS004,S2,FUSE FB 500V 25A 7*33 0505025MX
S2,S2,PCB S24421ADU-2 130*81.8*1.6 6LA
Q400,S3,MFET N 100V 0.19A 6 BSS123 SOT23
Q402,S3,MFET N 100V 0.19A 6 BSS123 SOT23
Q900,S3,MFET N 100V 0.19A 6 BSS123 SOT23
Q702,S3,MFET N 60V 0.4A 1.5 T2N7002BK
Q703,S3,MFET N 60V 0.4A 1.5 T2N7002BK
Q906,S3,MFET N 60V 0.4A 1.5 T2N7002BK
Q701,S3,MFET N 25V 100A 0.001BSC010NE2LS
Q401,S3,TRX NPN50V0.1A4.7K/4.7KPDTC143ET
Q901,S3,TRX NPN/PNP 50V 0.1APUMD15SOT363
Q902,S3,TRX NPN/PNP 50V 0.1APUMD15SOT363
Q903,S3,TRX NPN/PNP 50V 0.1APUMD15SOT363
Q904,S3,TRX NPN/PNP 50V 0.1APUMD15SOT363
Q911,S3,TRX NPN/PNP 50V 0.1ADCX114EU-7-F
Q913,S3,TRX NPN/PNP 50V 0.1ADCX114EU-7-F
Q246,S3,TRX NPN 80V 1A KTD1898-Y SOT89
Q2006,S3,TRX PNP 40V 0.6APMBT4403/DGSOT23
Q704,S3,TRX PNP 50V 0.1A10K/10KPDTA114ET
Q705,S3,TRX PNP 50V 0.1A10K/10KPDTA114ET
Q706,S3,TRX PNP 50V 0.1A10K/10KPDTA114ET
Q707,S3,TRX PNP 50V 0.1A10K/10KPDTA114ET
Q708,S3,TRX PNP 50V 0.1A10K/10KPDTA114ET
Q709,S3,TRX PNP 50V 0.1A10K/10KPDTA114ET
Q710,S3,TRX PNP 50V 0.1A10K/10KPDTA114ET
Q912,S3,TRX NPN 40V0.6AMMBT4401-7-FSOT23
X900,S3,XTAL 10MHZ 20PPM CXA013D4X40 SMD AKER
D702,S3,DIO 150V 15A D15FY15ST TO277A
D937,S3,DIO 150V 15A D15FY15ST TO277A
D205,S3,DIO 30V 0.2A BAT54C SOT23
D206,S3,DIO 30V 0.2A BAT54A SOT23
D701,S3,DIO 30V 12A SS12P3L-M3/86 TO277A
D226,S3,DIO 40V 1A PMEG4010BEA SOD323
D227,S3,DIO 40V 1A PMEG4010BEA SOD323
D703,S3,DIO 40V 1A PMEG4010BEA SOD323
D704,S3,DIO 40V 1A PMEG4010BEA SOD323
D906,S3,DIO 40V 1A PMEG4010BEA SOD323
D907,S3,DIO 40V 1A PMEG4010BEA SOD323
D908,S3,DIO 40V 1A PMEG4010BEA SOD323
D910,S3,DIO 40V 1A PMEG4010BEA SOD323
D921,S3,DIO 40V 1A PMEG4010BEA SOD323
D228,S3,DIO 60V 2A B260A-HF SMA
D229,S3,DIO 60V 2A B260A-HF SMA
D230,S3,DIO 60V 2A B260A-HF SMA
D231,S3,DIO 60V 2A B260A-HF SMA
D225,S3,DIO 75V 0.15A 1N4148WS-7-FSOD323
D917,S3,DIO 75V 0.3A MMBD7000-7F SOT23
D918,S3,DIO 75V 0.3A MMBD7000-7F SOT23
D926,S3,DIO 75V 0.3A MMBD7000-7F SOT23
D927,S3,DIO 75V 0.3A MMBD7000-7F SOT23
D928,S3,DIO 75V 0.3A MMBD7000-7F SOT23
D929,S3,DIO 75V 0.3A MMBD7000-7F SOT23
D936,S3,DIO 75V 0.3A MMBD7000-7F SOT23
D900,S3,DIO 80V 0.2A MMBD6100 SOT23
D901,S3,DIO 80V 0.2A MMBD6100 SOT23
D902,S3,DIO 80V 0.2A MMBD6100 SOT23
D903,S3,DIO 80V 0.2A MMBD6100 SOT23
D904,S3,DIO 80V 0.2A MMBD6100 SOT23
D905,S3,DIO 80V 0.2A MMBD6100 SOT23
D931,S3,DIO 80V 0.2A MMBD6100 SOT23
D932,S3,DIO 80V 0.2A MMBD6100 SOT23
D933,S3,DIO 80V 0.2A MMBD6100 SOT23
D934,S3,DIO 80V 0.2A MMBD6100 SOT23
D930,S3,DIO 100V 0.25A BAS316 SOD323
D935,S3,DIO 100V 0.25A BAS316 SOD323
D938,S3,DIO 100V 0.25A BAS316 SOD323
D1937,S3,DIO 100V 0.25A BAS316 SOD323
TVS901,S3,TVS 640W 12V SP712-02HTG SOT23
ZD902,S3,Z.D 0.25W 3.3V BZX84C3V3 SOT23
ZD301,S3,Z.D 0.5W 3.6VMMSZ5227B-7-FSOD123
ZD204,S3,Z.D 0.5W 16V MMSZ5246B SOD123F
ZD203,S3,Z.D 0.25W 10V BZX84B10 SOT23
ZD900,S3,Z.D 0.35W 15V BZX84C15-7-F SOT23
ZD901,S3,Z.D 0.35W 15V BZX84C15-7-F SOT23
ZD904,S3,Z.D 0.35W 15V BZX84C15-7-F SOT23
ZD905,S3,Z.D 0.35W 15V BZX84C15-7-F SOT23
ZD401,S3,Z.D 0.25W 16V BZX84-B16 SOT23
IC401,S3,IC AMP 8P INA240A4PWR TSSOP
IC403,S3,IC OPA 14P OPA4191IPWR TSSOP
IC909,S3,IC OPA 5P OPA172IDBVR SOT23
IC208,S3,IC DRIVER 8P UCC27424DR SO
IC903,S3,IC INTERF 8P TCAN1042HGVDR
IC904,S3,IC INTERF 16P ISO7741DWR SOIC
IC911,S3,IC INTERF 16P ISO7741DWR SOIC
IC907,S3,IC INTERF 8P ISO1042DWVR SOIC
IC900,S3,IC MCU 100P F280039CSPZR LQFP
IC901,S3,IC PWM 6P LV2832Y3DDCR SOT
IC908,S3,IC REG 5P 5V TPS70950DBVR SOT23
IC906,S3,IC EEPROM 8P M24512-RDW6TP TSSOP STM
IC912,S3,IC OPA 8P INA240A1PWR TSSOP
C9013,S3,R.MF 100K 1/16W F 0402 RC YAGEO
R949,S3,R.MF 511 1/16W F 0402 RC YAGEO
R916,S3,R.MF 1K 1/16W F 0402 RC YAGEO
R448,S3,R.TN 1.05K 1/10W B 0603RT-EYAGEO
R901,S3,R.TN 1.05K 1/10W B 0603RT-EYAGEO
R948,S3,R.MF 2K 1/16W F 0402 RC YAGEO
R463,S3,R.CF 0 1/16W J 0402 WR WALSIN
R429,S3,R.MF 10 1/10W F 0603 RC YAGEO
R940,S3,R.MF 20 1/10W F 0603 RC YAGEO
R968,S3,R.MF 20 1/10W F 0603 RC YAGEO
R9007,S3,R.TN 30.1 1/10W B 0603 BTS TAI
R411,S3,R.MF 30.1 1/10W F 0603 RC YAGEO
R412,S3,R.MF 30.1 1/10W F 0603 RC YAGEO
R909,S3,R.MF 30.1 1/10W F 0603 RC YAGEO
R927,S3,R.MF 30.1 1/10W F 0603 RC YAGEO
R929,S3,R.MF 30.1 1/10W F 0603 RC YAGEO
R951,S3,R.MF 30.1 1/10W F 0603 RC YAGEO
R952,S3,R.MF 30.1 1/10W F 0603 RC YAGEO
R953,S3,R.MF 30.1 1/10W F 0603 RC YAGEO
R954,S3,R.MF 30.1 1/10W F 0603 RC YAGEO
R960,S3,R.MF 30.1 1/10W F 0603 RC YAGEO
R963,S3,R.MF 30.1 1/10W F 0603 RC YAGEO
R9009,S3,R.MF 30.1 1/10W F 0603 RC YAGEO
R1009,S3,R.MF 47K 1/10W F 0603 RC YAGEO
R384,S3,R.MF 100 1/10W F 0603 RC YAGEO
R428,S3,R.MF 100 1/10W F 0603 RC YAGEO
R701,S3,R.MF 100 1/10W F 0603 RC YAGEO
R702,S3,R.MF 100 1/10W F 0603 RC YAGEO
R923,S3,R.MF 100 1/10W F 0603 RC YAGEO
R983,S3,R.MF 100 1/10W F 0603 RC YAGEO
R985,S3,R.MF 100 1/10W F 0603 RC YAGEO
R986,S3,R.MF 100 1/10W F 0603 RC YAGEO
R987,S3,R.MF 100 1/10W F 0603 RC YAGEO
R989,S3,R.MF 100 1/10W F 0603 RC YAGEO
R990,S3,R.MF 100 1/10W F 0603 RC YAGEO
R991,S3,R.MF 100 1/10W F 0603 RC YAGEO
R992,S3,R.MF 100 1/10W F 0603 RC YAGEO
R995,S3,R.MF 100 1/10W F 0603 RC YAGEO
R996,S3,R.MF 100 1/10W F 0603 RC YAGEO
R997,S3,R.MF 100 1/10W F 0603 RC YAGEO
R998,S3,R.MF 100 1/10W F 0603 RC YAGEO
R1008,S3,R.MF 100 1/10W F 0603 RC YAGEO
R705,S3,R.MF 100 1/10W F 0603 RC YAGEO
R728,S3,R.MF 100 1/10W F 0603 RC YAGEO
R214,S3,R.MF 33.2 1/4W F 1206 RC YAGEO
R215,S3,R.MF 33.2 1/4W F 1206 RC YAGEO
R216,S3,R.MF 33.2 1/4W F 1206 RC YAGEO
R910,S3,R.TN 100 1/10W B 0603 BTS TAI
R694,S3,R.TN 100 1/10W B 0603 BTS TAI
R434,S3,R.TN 100 1/10W B 0603 BTS TAI
R424,S3,R.TN 100 1/10W B 0603 BTS TAI
R1013,S3,R.TN 100 1/10W B 0603 BTS TAI
R1014,S3,R.TN 100 1/10W B 0603 BTS TAI
R714,S3,R.MF 200 1/10W F 0603 WR WALSIN
R718,S3,R.MF 200 1/10W F 0603 WR WALSIN
R722,S3,R.MF 200 1/10W F 0603 WR WALSIN
R724,S3,R.MF 200 1/10W F 0603 WR WALSIN
R915,S3,R.MF 200 1/10W F 0603 WR WALSIN
R9011,S3,R.MF 300 1/10W F 0603 RC YAGEO
R294,S3,R.MF 1K 1/10W F 0603 WR WALSIN
R295,S3,R.MF 1K 1/10W F 0603 WR WALSIN
R713,S3,R.MF 1K 1/10W F 0603 WR WALSIN
R717,S3,R.MF 1K 1/10W F 0603 WR WALSIN
R721,S3,R.MF 1K 1/10W F 0603 WR WALSIN
R930,S3,R.MF 1K 1/10W F 0603 WR WALSIN
R942,S3,R.MF 1K 1/10W F 0603 WR WALSIN
R965,S3,R.MF 1K 1/10W F 0603 WR WALSIN
R967,S3,R.MF 1K 1/10W F 0603 WR WALSIN
R1000,S3,R.MF 1K 1/10W F 0603 WR WALSIN
R1001,S3,R.MF 1K 1/10W F 0603 WR WALSIN
R1010,S3,R.MF 1K 1/10W F 0603 WR WALSIN
R592,S3,R.MF 2.4K 1/10W B 0603 RT YAGEO
R593,S3,R.MF 2.4K 1/10W B 0603 RT YAGEO
R904,S3,R.TN 1.33K 1/10W B 0603
R711,S3,R.MF 2K 1/10W F 0603 WR WALSIN
R712,S3,R.MF 2K 1/10W F 0603 WR WALSIN
R716,S3,R.MF 2K 1/10W F 0603 WR WALSIN
R719,S3,R.MF 2K 1/10W F 0603 WR WALSIN
R720,S3,R.MF 2K 1/10W F 0603 WR WALSIN
R729,S3,R.MF 2K 1/10W F 0603 WR WALSIN
R903,S3,R.TN 2K 1/10W B 0603 RT-E YAGEO
R450,S3,R.MF 2.2K 1/10W F 0603 WR WALSIN
R919,S3,R.MF 2.2K 1/10W F 0603 WR WALSIN
R974,S3,R.MF 2.37K 1/10W F 0603 RC YAGEO
R975,S3,R.MF 2.37K 1/10W F 0603 RC YAGEO
R452,S3,R.TN 2.74K 1/10W B 0603RT-EYAGEO
R918,S3,R.TN 2.74K 1/10W B 0603RT-EYAGEO
R931,S3,R.MF 3.01K 1/10W F 0603 RC YAGEO
R941,S3,R.MF 3.01K 1/10W F 0603 RC YAGEO
R964,S3,R.MF 3.01K 1/10W F 0603 RC YAGEO
R966,S3,R.MF 3.01K 1/10W F 0603 RC YAGEO
R961,S3,R.MF 3.48K 1/10W F 0603 RC YAGEO
R906,S3,R.MF 4.02K 1/10W F 0603 WRWALSIN
R725,S3,R.MF 4.99K 1/10W F 0603 RC YAGEO
R726,S3,R.MF 4.99K 1/10W F 0603 RC YAGEO
R924,S3,R.MF 4.99K 1/10W F 0603 RC YAGEO
R945,S3,R.MF 4.99K 1/10W F 0603 RC YAGEO
R950,S3,R.MF 4.99K 1/10W F 0603 RC YAGEO
R383,S3,R.MF 4.99K 1/10W F 0603 RC YAGEO
R703,S3,R.MF 5.11K 1/10W F 0603 RC YAGEO
R704,S3,R.MF 5.11K 1/10W F 0603 RC YAGEO
R727,S3,R.MF 7.5K 1/10W F 0603 WR WALSIN
R902,S3,R.TN 7.87K 1/10W B 0603RT-EYAGEO
R908,S3,R.TN 8.25K 1/10W B 0603RT-EYAGEO
R914,S3,R.TN 8.25K 1/10W B 0603RT-EYAGEO
R213,S3,R.TN 10K 1/10W B 0603 RT-EYAGEO
R296,S3,R.TN 10K 1/10W B 0603 RT-EYAGEO
R297,S3,R.TN 10K 1/10W B 0603 RT-EYAGEO
R426,S3,R.TN 10K 1/10W B 0603 RT-EYAGEO
R449,S3,R.TN 10K 1/10W B 0603 RT-EYAGEO
R917,S3,R.TN 10K 1/10W B 0603 RT-EYAGEO
R920,S3,R.TN 10K 1/10W B 0603 RT-EYAGEO
R921,S3,R.TN 10K 1/10W B 0603 RT-EYAGEO
R925,S3,R.TN 10K 1/10W B 0603 RT-EYAGEO
R955,S3,R.TN 10K 1/10W B 0603 RT-EYAGEO
R956,S3,R.TN 10K 1/10W B 0603 RT-EYAGEO
R957,S3,R.TN 10K 1/10W B 0603 RT-EYAGEO
R958,S3,R.TN 10K 1/10W B 0603 RT-EYAGEO
R959,S3,R.TN 10K 1/10W B 0603 RT-EYAGEO
R976,S3,R.TN 10K 1/10W B 0603 RT-EYAGEO
R692,S3,R.TN 10K 1/10W B 0603 RT-EYAGEO
R1005,S3,R.TN 10K 1/10W B 0603 RT-EYAGEO
R1011,S3,R.TN 10K 1/10W B 0603 RT-EYAGEO
R977,S3,R.TN 10K 1/10W B 0603 RT-EYAGEO
R972,S3,R.TN 10K 1/10W B 0603 RT-EYAGEO
R9005,S3,R.TN 10K 1/10W B 0603 RT-EYAGEO
R9008,S3,R.TN 10K 1/10W B 0603 RT-EYAGEO
R9006,S3,R.MF 10K 1/10W F 0603 RC YAGEO
R432,S3,R.MF 20K 1/10W F 0603 RC YAGEO
R911,S3,R.MF 20K 1/10W F 0603 RC YAGEO
R937,S3,R.MF 20K 1/10W F 0603 RC YAGEO
R594,S3,R.TN 49.9K 1/10W B 0603RT-EYAGEO
R595,S3,R.TN 49.9K 1/10W B 0603RT-EYAGEO
R427,S3,R.MF 30K 1/10W B 0603 RT-B YAGEO
R707,S3,R.MF 30.1K 1/10W F 0603 WRWALSIN
R962,S3,R.MF 34.8K 1/10W F 0603 RC YAGEO
R723,S3,R.MF 36.5K 1/10W F 0603RCYAGEO
R447,S3,R.TN 10.2K 1/10W B 0603TFQWALSIN
R900,S3,R.TN 10.2K 1/10W B 0603TFQWALSIN
R1002,S3,R.TN 10.2K 1/10W B 0603TFQWALSIN
R1003,S3,R.TN 10.2K 1/10W B 0603TFQWALSIN
R1006,S3,R.TN 47.5K 1/10W B 0603RT-EYAGEO
R710,S3,R.MF 49.9K 1/10W F 0603 WRWALSIN
R946,S3,R.MF 51.1K 1/10W F 0603 RC YAGEO
R973,S3,R.MF 51.1K 1/10W F 0603 RC YAGEO
R936,S3,R.MF 100K 1/10W F 0603 RC YAGEO
R706,S3,R.MF 100K 1/10W F 0603 RC YAGEO
R425,S3,R.MF 100K 1/10W F 0603 RC YAGEO
R935,S3,R.MF 300K 1/10W F 0603 RC YAGEO
R934,S3,R.MF 10 1/8W F 0805 RC YAGEO
R981,S3,R.MF 10 1/8W F 0805 RC YAGEO
R499,S3,R.MF 10 1/8W F 0805 RC YAGEO
R293,S3,R.MF 825 1/8W F 0805 WR WALSIN
R298,S3,R.MF 1 1/4W F 1206 RC YAGEO
R926,S3,R.MF 1 1/4W F 1206 RC YAGEO
R292,S3,R.MF 2 1/4W F 1206 RC YAGEO
R299,S3,R.MF 2 1/4W F 1206 RC YAGEO
R305,S3,R.MF 2 1/4W F 1206 RC YAGEO
R440,S3,R.MF 2 1/4W F 1206 RC YAGEO
R451,S3,R.MF 2 1/4W F 1206 RC YAGEO
R590,S3,R.MF 2 1/4W F 1206 RC YAGEO
R928,S3,R.MF 2 1/4W F 1206 RC YAGEO
R933,S3,R.MF 2 1/4W F 1206 RC YAGEO
R947,S3,R.MF 2 1/4W F 1206 RC YAGEO
R994,S3,R.MF 2 1/4W F 1206 RC YAGEO
R999,S3,R.MF 2 1/4W F 1206 RC YAGEO
R498,S3,R.MF 2 1/4W F 1206 RC YAGEO
R913,S3,R.MF 2 1/4W F 1206 RC YAGEO
R922,S3,R.MF 2 1/4W F 1206 RC YAGEO
R1012,S3,R.MF 2 1/4W F 1206 RC YAGEO
R348,S3,R.MF 10 1/4W F 1206 RC YAGEO
R943,S3,R.MF 10 1/4W F 1206 RC YAGEO
R944,S3,R.MF 10 1/4W F 1206 RC YAGEO
R387,S3,R.MF 10 1/4W F 1206 RC YAGEO
R588,S3,R.MF 10 1/2W F 1206 RC YAGEO
R589,S3,R.MF 10 1/2W F 1206 RC YAGEO
R932,S3,R.MF 30.1 1/4W F 1206 RC YAGEO
R443,S3,R.MF 1K 1/4W F 0805 RC YAGEO
R905,S3,R.TN 5.9K 1/10W B 0603 BTS TAI
R907,S3,R.TN 5.9K 1/10W B 0603 BTS TAI
R349,S3,R.CF 0 1/10W J 0603 RC YAGEO
R352,S3,R.CF 0 1/10W J 0603 RC YAGEO
R461,S3,R.CF 0 1/10W J 0603 RC YAGEO
R599,S3,R.CF 0 1/10W J 0603 RC YAGEO
R691,S3,R.CF 0 1/10W J 0603 RC YAGEO
R695,S3,R.CF 0 1/10W J 0603 RC YAGEO
R696,S3,R.CF 0 1/10W J 0603 RC YAGEO
R699,S3,R.CF 0 1/10W J 0603 RC YAGEO
R693,S3,R.CF 0 1/10W J 0603 RC YAGEO
R591,S3,R.CF 0 1/10W J 0603 RC YAGEO
R970,S3,R.CF 0 1/10W J 0603 RC YAGEO
R971,S3,R.CF 0 1/10W J 0603 RC YAGEO
R938,S3,R.CF 0 1/10W J 0603 RC YAGEO
R912,S3,R.CF 0 1/10W J 0603 RC YAGEO
R1007,S3,R.CF 0 1/10W J 0603 RC YAGEO
R978,S3,R.CF 0 1/10W J 0603 RC YAGEO
R979,S3,R.CF 0 1/10W J 0603 RC YAGEO
R980,S3,R.CF 0 1/10W J 0603 RC YAGEO
R385,S3,R.CF 0 1/10W J 0603 RC YAGEO
R441,S3,R.CF 0 1/10W J 0603 RC YAGEO
R442,S3,R.CF 0 1/10W J 0603 RC YAGEO
R9010,S3,R.CF 0 1/10W J 0603 RC YAGEO
R1004,S3,R.MF 1M 1/10W F 0603 RC YAGEO
C425,S3,C.MON 680PF 50V K X7R 0402 0402B
C988,S3,C.MON 1000PF 100V KX7R0402CC0402
C415,S3,C.MON 100PF 100V J NPO 06030603N
C411,S3,C.MON 100PF 100V J NPO 06030603N
C1007,S3,C.MON 100PF 100V J NPO 06030603N
C1008,S3,C.MON 100PF 100V J NPO 06030603N
C921,S3,C.MON 1000PF 50V K X7R0402CC0402
C901,S3,C.MON 2200PF 50V K X7R0402CC0402
C903,S3,C.MON 2200PF 50V K X7R0402CC0402
C900,S3,C.MON 0.01UF 50V K X7R0402CC0402
C413,S3,C.MON 0.1UF 50V K X7R 0402CC0402
C419,S3,C.MON 0.1UF 50V K X7R 0402CC0402
C566,S3,C.MON 0.1UF 50V K X7R 0402CC0402
C920,S3,C.MON 0.1UF 50V K X7R 0402CC0402
C926,S3,C.MON 0.1UF 50V K X7R 0402CC0402
C930,S3,C.MON 0.1UF 50V K X7R 0402CC0402
C932,S3,C.MON 0.1UF 50V K X7R 0402CC0402
C934,S3,C.MON 0.1UF 50V K X7R 0402CC0402
C938,S3,C.MON 0.1UF 50V K X7R 0402CC0402
C940,S3,C.MON 0.1UF 50V K X7R 0402CC0402
C945,S3,C.MON 0.1UF 50V K X7R 0402CC0402
C946,S3,C.MON 0.1UF 50V K X7R 0402CC0402
C961,S3,C.MON 0.1UF 50V K X7R 0402CC0402
C963,S3,C.MON 0.1UF 50V K X7R 0402CC0402
C976,S3,C.MON 0.1UF 50V K X7R 0402CC0402
C979,S3,C.MON 0.1UF 50V K X7R 0402CC0402
C982,S3,C.MON 0.1UF 50V K X7R 0402CC0402
C1005,S3,C.MON 0.1UF 50V K X7R 0402CC0402
C902,S3,C.MON 0.15UF 25V K X7R 06030603B
C829,S3,C.MON 10PF 50V J NPO 0603CC0603
C913,S3,C.MON 20PF 50V J NPO 0603 0603B
C914,S3,C.MON 20PF 50V J NPO 0603 0603B
C936,S3,C.MON 47PF 50V J NPO 0603 0603N
C978,S3,C.MON 47PF 50V J NPO 0603 0603N
C377,S3,C.MON 100PF 50V K X7R 0603 0603B
C378,S3,C.MON 100PF 50V K X7R 0603 0603B
C405,S3,C.MON 100PF 50V K X7R 0603 0603B
C406,S3,C.MON 100PF 50V K X7R 0603 0603B
C407,S3,C.MON 100PF 50V K X7R 0603 0603B
C417,S3,C.MON 100PF 50V K X7R 0603 0603B
C418,S3,C.MON 100PF 50V K X7R 0603 0603B
C420,S3,C.MON 100PF 50V K X7R 0603 0603B
C421,S3,C.MON 100PF 50V K X7R 0603 0603B
C424,S3,C.MON 100PF 50V K X7R 0603 0603B
C426,S3,C.MON 100PF 50V K X7R 0603 0603B
C428,S3,C.MON 100PF 50V K X7R 0603 0603B
C432,S3,C.MON 100PF 50V K X7R 0603 0603B
C454,S3,C.MON 100PF 50V K X7R 0603 0603B
C917,S3,C.MON 100PF 50V K X7R 0603 0603B
C943,S3,C.MON 100PF 50V K X7R 0603 0603B
C959,S3,C.MON 100PF 50V K X7R 0603 0603B
C960,S3,C.MON 100PF 50V K X7R 0603 0603B
C964,S3,C.MON 100PF 50V K X7R 0603 0603B
C906,S3,C.MON 100PF 50V K X7R 0603 0603B
C410,S3,C.MON 100PF 50V K X7R 0603 0603B
C444,S3,C.MON 100PF 50V K X7R 0603 0603B
C469,S3,C.MON 100PF 50V K X7R 0603 0603B
C891,S3,C.MON 100PF 50V J NPO 0603CC0603
C892,S3,C.MON 100PF 50V J NPO 0603CC0603
C434,S3,C.MON 100PF 50V J NPO 0603CC0603
C435,S3,C.MON 100PF 50V J NPO 0603CC0603
C830,S3,C.MON 100PF 50V K X7R 0603 0603B
C997,S3,C.MON 100PF 50V K X7R 0603 0603B
C1000,S3,C.MON 100PF 50V K X7R 0603 0603B
C9001,S3,C.MON 100PF 50V K X7R 0603 0603B
C9004,S3,C.MON 100PF 50V K X7R 0603 0603B
C9005,S3,C.MON 100PF 50V K X7R 0603 0603B
C919,S3,C.MON 220PF 50V KX7R 0603 CC0603
C704,S3,C.MON 470PF 50V K X7R 0603CC0603
C705,S3,C.MON 470PF 50V K X7R 0603CC0603
C706,S3,C.MON 470PF 50V K X7R 0603CC0603
C702,S3,C.MON 1000PF 50V K X7R0603CC0603
C703,S3,C.MON 1000PF 50V K X7R0603CC0603
C715,S3,C.MON 1000PF 50V K X7R0603CC0603
C716,S3,C.MON 1000PF 50V K X7R0603CC0603
C952,S3,C.MON 1000PF 50V K X7R0603CC0603
C965,S3,C.MON 1000PF 50V K X7R0603CC0603
C984,S3,C.MON 1000PF 50V K X7R0603CC0603
C564,S3,C.MON 1000PF 50V K X7R0603CC0603
C588,S3,C.MON 1000PF 50V K X7R0603CC0603
C1002,S3,C.MON 1000PF 50V K X7R0603CC0603
C1003,S3,C.MON 1000PF 50V K X7R0603CC0603
C990,S3,C.MON 1000PF 50V K X7R0603CC0603
C441,S3,C.MON 2200PF 50V K X7R 06030603B
C905,S3,C.MON 2200PF 50V K X7R 06030603B
C1001,S3,C.MON 2200PF 50V K X7R 06030603B
C909,S3,C.MON 3300PF 50V K X7R0603CC0603
C974,S3,C.MON 3300PF 50V K X7R0603CC0603
C414,S3,C.MON 0.01UF 50V J NPO0603CC0603
C907,S3,C.MON 0.01UF 50V J NPO0603CC0603
C1006,S3,C.MON 0.01UF 50V J NPO0603CC0603
C904,S3,C.MON 0.01UF 50V K X7R 06030603B
C911,S3,C.MON 0.01UF 50V K X7R 06030603B
C915,S3,C.MON 0.01UF 50V K X7R 06030603B
C916,S3,C.MON 0.01UF 50V K X7R 06030603B
C949,S3,C.MON 0.01UF 50V K X7R 06030603B
C950,S3,C.MON 0.01UF 50V K X7R 06030603B
C9014,S3,C.MON 0.01UF 50V K X7R 06030603B
C908,S3,C.MON 0.022UF 16V KX7R0402CC0402
C918,S3,C.MON 0.047UF 50V K X7R06030603B
C450,S3,C.MON 0.047UF 50V K X7R06030603B
C376,S3,C.MON 0.1UF 50V K X7R 0603 0603B
C408,S3,C.MON 0.1UF 50V K X7R 0603 0603B
C422,S3,C.MON 0.1UF 50V K X7R 0603 0603B
C429,S3,C.MON 0.1UF 50V K X7R 0603 0603B
C895,S3,C.MON 0.1UF 50V K X7R 0603 0603B
C922,S3,C.MON 0.1UF 50V K X7R 0603 0603B
C983,S3,C.MON 0.1UF 50V K X7R 0603 0603B
C989,S3,C.MON 0.1UF 50V K X7R 0603 0603B
C998,S3,C.MON 0.1UF 50V K X7R 0603 0603B
C433,S3,C.MON 0.1UF 50V K X7R 0603 0603B
C412,S3,C.MON 0.1UF 50V K X7R 0603 0603B
C9002,S3,C.MON 0.1UF 50V K X7R 0603 0603B
C409,S3,C.MON 1UF 25V K X7R 0603 TAIYO
C423,S3,C.MON 1UF 25V K X7R 0603 TAIYO
C427,S3,C.MON 1UF 25V K X7R 0603 TAIYO
C896,S3,C.MON 1UF 25V K X7R 0603 TAIYO
C910,S3,C.MON 1UF 25V K X7R 0603 TAIYO
C912,S3,C.MON 1UF 25V K X7R 0603 TAIYO
C980,S3,C.MON 1UF 25V K X7R 0603 TAIYO
C985,S3,C.MON 1UF 25V K X7R 0603 TAIYO
C999,S3,C.MON 1UF 25V K X7R 0603 TAIYO
C499,S3,C.MON 1UF 25V K X7R 0603 TAIYO
C443,S3,C.MON 1UF 25V K X7R 0603 TAIYO
C440,S3,C.MON 1UF 25V K X7R 0603 TAIYO
C1004,S3,C.MON 1UF 25V K X7R 0603 TAIYO
C9003,S3,C.MON 1UF 25V K X7R 0603 TAIYO
C9012,S3,C.MON 1UF 25V K X7R 0603 TAIYO
C372,S3,C.MON 0.1UF 50V K X7R 0805 2238
C430,S3,C.MON 1UF 50V K X7R 0805 0805B
C565,S3,C.MON 1UF 50V K X7R 0805 0805B
C316,S3,C.MON 10UF 25V K X6S 0805 GRM21B
C337,S3,C.MON 10UF 25V K X6S 0805 GRM21B
C347,S3,C.MON 10UF 25V K X6S 0805 GRM21B
C348,S3,C.MON 10UF 25V K X6S 0805 GRM21B
C373,S3,C.MON 10UF 25V K X6S 0805 GRM21B
C374,S3,C.MON 10UF 25V K X6S 0805 GRM21B
C375,S3,C.MON 10UF 25V K X6S 0805 GRM21B
C470,S3,C.MON 10UF 25V K X6S 0805 GRM21B
C416,S3,C.MON 10UF 25V K X6S 0805 GRM21B
C442,S3,C.MON 10UF 25V K X6S 0805 GRM21B
C452,S3,C.MON 10UF 25V K X6S 0805 GRM21B
C453,S3,C.MON 10UF 25V K X6S 0805 GRM21B
C923,S3,C.MON 10UF 25V K X6S 0805 GRM21B
C924,S3,C.MON 10UF 25V K X6S 0805 GRM21B
C925,S3,C.MON 10UF 25V K X6S 0805 GRM21B
C927,S3,C.MON 10UF 25V K X6S 0805 GRM21B
C928,S3,C.MON 10UF 25V K X6S 0805 GRM21B
C929,S3,C.MON 10UF 25V K X6S 0805 GRM21B
C931,S3,C.MON 10UF 25V K X6S 0805 GRM21B
C933,S3,C.MON 10UF 25V K X6S 0805 GRM21B
C937,S3,C.MON 10UF 25V K X6S 0805 GRM21B
C939,S3,C.MON 10UF 25V K X6S 0805 GRM21B
C941,S3,C.MON 10UF 25V K X6S 0805 GRM21B
C944,S3,C.MON 10UF 25V K X6S 0805 GRM21B
C947,S3,C.MON 10UF 25V K X6S 0805 GRM21B
C948,S3,C.MON 10UF 25V K X6S 0805 GRM21B
C951,S3,C.MON 10UF 25V K X6S 0805 GRM21B
C954,S3,C.MON 10UF 25V K X6S 0805 GRM21B
C955,S3,C.MON 10UF 25V K X6S 0805 GRM21B
C962,S3,C.MON 10UF 25V K X6S 0805 GRM21B
C993,S3,C.MON 10UF 25V K X6S 0805 GRM21B
C379,S3,C.MON 1UF 25V K X7R 1206 CC1206
C380,S3,C.OSC 47UF 35V M 6.3*5.9 SVPK
C953,S3,C.PLM 220UF 16V M 6.3*8 PXG-G
C701,S3,C.PLM 330UF 16V M 8*6.7 PXG
C436,S3,C.MON 0.033UF 50V KX7R0603CC0603
C437,S3,C.MON 0.033UF 50V KX7R0603CC0603
L900,S3,CHIP BEAD FCM1608KF-121T06
L901,S3,INDUCTOR 10UH 20% LVS404018100MN LITE-ON
L903,S3,CHIP BEAD PBY201209T-601Y-N
L905,S3,CHIP BEAD PBY201209T-601Y-N
L906,S3,CHIP BEAD PBY201209T-601Y-N
L907,S3,CHIP BEAD PBY201209T-601Y-N
T700,S3,XFMR S2402-1ADU EE10 JPP44A
CN106A1,S3,PIN HEADER RP 7P1.25 CI4407M1HR0
CN111A1,S3,PIN HEADER RP14P1.25 CI4414M1HR0
FAN701A,S3,PIN HEADER RP 4P1.5CI1904M1HR0NH
FAN702A,S3,PIN HEADER RP 4P1.5CI1904M1HR0NH
J701,S3,WAFER RP 9P 1.25 PBT NY6T SMD
JPM901,S3,PIN HEADER RP 7P 1.25 A1254WR0
JPM902,S3,WAFER RP 5P0.5PBTNY6TCF25051DSMD
JPM903,S3,WAFER RP 5P0.5PBTNY6TCF25051DSMD
CN108A,S3,BREAKAWAY PHSR 34P 2.0 BG
CN109A,S3,BREAKAWAY PHDR 2*4P 2.0 BG NY6T
CN110A,S3,BREAKAWAY PHSR 16P 2.0 BG
S3,S3,BRACKET 101.57*24.69*0.3 SPTE
S3,S3,BRACKET 116.4*27.9*0.3 SPTE TOP
S3,S3,PCBS2442-1ADU-3 153*30*1.6 6L A
Q201,S4,MFET N 600V63A0.031IPW60R031CFD7
Q202,S4,MFET N 600V63A0.031IPW60R031CFD7
Q203,S4,MFET N 600V63A0.031IPW60R031CFD7
Q204,S4,MFET N 600V63A0.031IPW60R031CFD7
Q601,S4,MFET N 150V50A0.019BSC190N15NS3G
Q603,S4,MFET N 60V 0.2A3.9T2N7002AKSOT23
Q602,S4,MFETN25V380A0.00057PSMNR51-25YLH
Q210,S4,MFET N 80V100A0.0021BSC021N08NS5
Q211,S4,MFET N 80V100A0.0021BSC021N08NS5
Q212,S4,MFET N 80V100A0.0021BSC021N08NS5
Q213,S4,MFET N 80V100A0.0021BSC021N08NS5
Q214,S4,MFET N 80V100A0.0021BSC021N08NS5
Q215,S4,MFET N 80V100A0.0021BSC021N08NS5
Q216,S4,MFET N 80V100A0.0021BSC021N08NS5
Q217,S4,MFET N 80V100A0.0021BSC021N08NS5
Q205,S4,TRX NPN 120V 1A PBSS4112PAN
Q206,S4,TRX PNP 40V 0.6APMBT4403/DGSOT23
D201,S4,DIO 40V 1A PMEG4010BEA SOD323
D202,S4,DIO 40V 1A PMEG4010BEA SOD323
D203,S4,DIO 40V 1A PMEG4010BEA SOD323
D204,S4,DIO 40V 1A PMEG4010BEA SOD323
D214,S4,DIO 40V 1A PMEG4010BEA SOD323
D217,S4,DIO 40V 1A PMEG4010BEA SOD323
D218,S4,DIO 40V 1A PMEG4010BEA SOD323
D219,S4,DIO 40V 1A PMEG4010BEA SOD323
D605,S4,DIO 40V 1A PMEG4010BEA SOD323
D609,S4,DIO 40V 1A PMEG4010BEA SOD323
D212,S4,DIO 100V 0.25A BAS316 SOD323
D213,S4,DIO 100V 0.25A BAS316 SOD323
D603,S4,DIO 100V 0.25A BAS316 SOD323
D606,S4,DIO 100V 0.25A BAS316 SOD323
D221,S4,DIO 120V 12A V12PM12-M3 TO277A
D602,S4,DIO 400V 2A ES2G SMB
D215,S4,DIO 600V 1A ES1J-G SMA
D216,S4,DIO 600V 1A ES1J-G SMA
D601,S4,DIO 1000V 1A RS1M SMA
D633,S4,DIO 60V 2A B260A-HF SMA
D634,S4,DIO 60V 2A B260A-HF SMA
D635,S4,DIO 60V 2A B260A-HF SMA
D636,S4,DIO 60V 2A B260A-HF SMA
D402,S4,DIO 75V 0.3A 1N4148W-7-F SOD123
D604,S4,DIO 200V 1A ES1D-HF SMA
D637,S4,DIO 200V 1A ES1002FL SOD123FL
D638,S4,DIO 200V 1A ES1002FL SOD123FL
D639,S4,DIO 200V 1A ES1002FL SOD123FL
D640,S4,DIO 200V 1A ES1002FL SOD123FL
TVS401,S4,TVS 400W 13V SMAJ13A SMA
TVS402,S4,TVS 400W 13V SMAJ13A SMA
TVS403,S4,TVS 400W 13V SMAJ13A SMA
TVS404,S4,TVS 400W 13V SMAJ13A SMA
ZD602,S4,Z.D 0.25W 10V BZX84-C10/DG SOT23
ZD603,S4,Z.D 0.35W 10V BZX84C10-7-F SOT23
ZD201,S4,Z.D 0.25W 16V BZX84-B16 SOT23
ZD601,S4,Z.D 0.5W22V BZT52B22-GRBG SOD123
ZD402,S4,Z.D 0.35W 13V BZX84C13-7-F SOT23
ZD611,S4,Z.D 0.5W 16V MMSZ5246B SOD123F
IC602,S4,IC MONITOR 6P INA199B3DCKR SC70
IC207,S4,IC PWM 6P TPS560430YDBVR SOT23
IC601,S4,IC PWM 24P INN3676C-H605-TL SOP
IC201,S4,IC INTERF 16P UCC21520ADWR SOIC
IC202,S4,IC INTERF 16P UCC21520ADWR SOIC
RT202,S4,R.TH TTC 10KF0805TSM2A103F34D1HZ
R623,S4,R.MF 2K 1/10W F 0603 WR WALSIN
R625,S4,R.MF 2K 1/16W F 0402 RC YAGEO
R626,S4,R.MF 2K 1/16W F 0402 RC YAGEO
R631,S4,R.MF 10K 1/16W F 0402 RC YAGEO
R627,S4,R.MF 10 1/10W F 0603 RC YAGEO
R628,S4,R.MF 10 1/10W F 0603 RC YAGEO
R673,S4,R.MF 10 1/10W F 0603 RC YAGEO
R674,S4,R.MF 10 1/10W F 0603 RC YAGEO
R222,S4,R.MF 100 1/10W F 0603 RC YAGEO
R223,S4,R.MF 100 1/10W F 0603 RC YAGEO
R230,S4,R.MF 100 1/10W F 0603 RC YAGEO
R231,S4,R.MF 100 1/10W F 0603 RC YAGEO
R609,S4,R.MF 100 1/10W F 0603 RC YAGEO
R614,S4,R.MF 100 1/10W F 0603 RC YAGEO
R624,S4,R.MF 220 1/10W F 0603 RC YAGEO
R622,S4,R.MF 280 1/10W F 0603 RC YAGEO
R225,S4,R.MF 2.05K 1/10W F 0603 RC YAGEO
R226,S4,R.MF 2.05K 1/10W F 0603 RC YAGEO
R232,S4,R.MF 2.05K 1/10W F 0603 RC YAGEO
R233,S4,R.MF 2.05K 1/10W F 0603 RC YAGEO
R610,S4,R.MF 6.8K 1/10W F 0603 RC YAGEO
R612,S4,R.MF 10K 1/10W F 0603 RC YAGEO
R615,S4,R.MF 10K 1/10W F 0603 RC YAGEO
R617,S4,R.MF 10K 1/10W F 0603 RC YAGEO
R203,S4,R.MF 20K 1/10W F 0603 RC YAGEO
R206,S4,R.MF 20K 1/10W F 0603 RC YAGEO
R209,S4,R.MF 20K 1/10W F 0603 RC YAGEO
R212,S4,R.MF 20K 1/10W F 0603 RC YAGEO
R621,S4,R.MF 20K 1/10W F 0603 RC YAGEO
R274,S4,R.MF 14K 1/10W D 0603 WF WALSIN
R613,S4,R.TN 26.1K 1/10W B 0603RT-EYAGEO
R271,S4,R.MF 100K 1/10W F 0603 RC YAGEO
R611,S4,R.MF 100K 1/10W F 0603 RC YAGEO
R273,S4,R.MF 100K 1/10W F 0603 RC YAGEO
R270,S4,R.MF 300K 1/10W F 0603 RC YAGEO
R272,S4,R.MF 10 1/8W F 0805 RC YAGEO
R650,S4,R.MF 20 1/8W F 0805 RC YAGEO
R220,S4,R.MF 6.2K 1/4W F 1206 RC YAGEO
R224,S4,R.MF 2 1/4W F 1206 RC YAGEO
R227,S4,R.MF 2 1/4W F 1206 RC YAGEO
R228,S4,R.MF 2 1/4W F 1206 RC YAGEO
R229,S4,R.MF 2 1/4W F 1206 RC YAGEO
R269,S4,R.MF 2 1/4W F 1206 RC YAGEO
R629,S4,R.MF 2 1/4W F 1206 RC YAGEO
R217,S4,R.MF 4.7 1/4W F 1206 RC YAGEO
R201,S4,R.MF 10 1/4W F 1206 RC YAGEO
R204,S4,R.MF 10 1/4W F 1206 RC YAGEO
R207,S4,R.MF 10 1/4W F 1206 RC YAGEO
R210,S4,R.MF 10 1/4W F 1206 RC YAGEO
R618,S4,R.MF 150 1/4W F 1206 RC YAGEO
R616,S4,R.MF 3.01K 1/4W F 1206 RC YAGEO
R221,S4,R.MF 24.9K 1/4W F 1206 RC YAGEO
R283,S4,R.MF 24.9K 1/4W F 1206 RC YAGEO
R602,S4,R.MF 51.1K 1/4W F 1206 RC YAGEO
R603,S4,R.MF 51.1K 1/4W F 1206 RC YAGEO
R604,S4,R.MF 51.1K 1/4W F 1206 RC YAGEO
R605,S4,R.MF 51.1K 1/4W F 1206 RC YAGEO
R218,S4,R.MF 10K 1/4W F 1206 RC YAGEO
R630,S4,R.MF 5.1 1/2W F 1206 RC YAGEO
R219,S4,R.MF 3.83K 1/4W F 1206 RC YAGEO
R619,S4,R.MF 10 3/4W J 2010 RC YAGEO
RS201,S4,R.MF 0.0005 9W F 3920 SR EVER A
RS202,S4,R.MF 0.0005 9W F 3920 SR EVER A
RS203,S4,R.MF 0.0005 9W F 3920 SR EVER A
RS204,S4,R.MF 0.0005 9W F 3920 SR EVER A
RS610,S4,R.MF 0.01 1W F 2512 PE YAGEO
R234,S4,R.MF 10K 1W F 2512 RM TAI
R500,S4,R.CF 1 1W J 2512 RC YAGEO
R202,S4,R.CF 20 1/2W J 1206 WF WALSIN
R205,S4,R.CF 20 1/2W J 1206 WF WALSIN
R208,S4,R.CF 20 1/2W J 1206 WF WALSIN
R211,S4,R.CF 20 1/2W J 1206 WF WALSIN
R606,S4,R.HV 1M 1/4W F RV 500V 1206YAGEO
R607,S4,R.HV 1M 1/4W F RV 500V 1206YAGEO
R608,S4,R.HV 1M 1/4W F RV 500V 1206YAGEO
C627,S4,C.MON 100PF 50V J NPO 0402 0402N
C331,S4,C.MON 1000PF 50V K X7R 04020402B
C628,S4,C.MON 1000PF 50V K X7R 04020402B
C629,S4,C.MON 1000PF 50V K X7R 04020402B
C614,S4,C.MON 4700PF 50V K X7R 04020402B
C394,S4,C.MON 0.1UF 50V K X7R 0402CC0402
C622,S4,C.MON 0.1UF 50V K X7R 0402CC0402
C630,S4,C.MON 0.1UF 50V K X7R 0402CC0402
C392,S4,C.MON 220PF 50V KX7R 0603 CC0603
C349,S4,C.MON 470PF 50V K X7R 0603CC0603
C350,S4,C.MON 470PF 50V K X7R 0603CC0603
C364,S4,C.MON 470PF 50V K X7R 0603CC0603
C365,S4,C.MON 470PF 50V K X7R 0603CC0603
C620,S4,C.MON 470PF 100V K X7R 06030603B
C393,S4,C.MON 1000PF 50V K X7R0603CC0603
C607,S4,C.MON 1000PF 50V K X7R0603CC0603
C206,S4,C.MON 2200PF 50V J NPO0603CC0603
C207,S4,C.MON 2200PF 50V J NPO0603CC0603
C212,S4,C.MON 2200PF 50V J NPO0603CC0603
C213,S4,C.MON 2200PF 50V J NPO0603CC0603
C353,S4,C.MON 3300PF 50V K X7R0603CC0603
C367,S4,C.MON 3300PF 50V K X7R0603CC0603
C646,S4,C.MON 0.01UF 50V K X7R0603CC0603
C621,S4,C.MON 0.01UF 50V K X7R0603CC0603
C352,S4,C.MON 0.1UF 50V K X7R 0603CC0603
C354,S4,C.MON 0.1UF 50V K X7R 0603CC0603
C356,S4,C.MON 0.1UF 50V K X7R 0603CC0603
C359,S4,C.MON 0.1UF 50V K X7R 0603CC0603
C361,S4,C.MON 0.1UF 50V K X7R 0603CC0603
C362,S4,C.MON 0.1UF 50V K X7R 0603CC0603
C625,S4,C.MON 0.47UF 16V K X7R 06030603B
C626,S4,C.MON 0.47UF 16V K X7R 06030603B
C610,S4,C.MON 1UF 25V K X7R 0603 NCC
C645,S4,C.MON 1UF 25V K X7R 0603 NCC
C647,S4,C.MON 220PF 200V J NPO 08050805N
C631,S4,C.MON 2200PF 200V KX7R0805CS0805
C613,S4,C.MON 1UF 25V K X7R 0805CC0805
C623,S4,C.MON 2.2UF 50V K X7R 0805 0805B
C608,S4,C.MON 10UF 25V K X6S 0805 GRM21B
C612,S4,C.MON 10UF 25V K X6S 0805 GRM21B
C615,S4,C.MON 10UF 25V K X6S 0805 GRM21B
C624,S4,C.MON 0.033UF 50V K X7R06030603B
C202,S4,C.MON 220PF 630V J NPO 0805C0805
C203,S4,C.MON 220PF 630V J NPO 0805C0805
C204,S4,C.MON 220PF 630V J NPO 0805C0805
C205,S4,C.MON 220PF 630V J NPO 0805C0805
C208,S4,C.MON 220PF 630V J NPO 0805C0805
C209,S4,C.MON 220PF 630V J NPO 0805C0805
C210,S4,C.MON 220PF 630V J NPO 0805C0805
C211,S4,C.MON 220PF 630V J NPO 0805C0805
C603,S4,C.MON 0.01UF 630V KX7R1206CS1206
C601,S4,C.MON 0.022UF 630V K X7R 1206 SH
C602,S4,C.MON 0.022UF 630V K X7R 1206 SH
C606,S4,C.MON ST 4.7UF 50V K X7R 1206 MJ
C329,S4,C.MON 10UF 25V K X7R 1206 MJ316
C330,S4,C.MON 10UF 25V K X7R 1206 MJ316
C351,S4,C.MON 10UF 25V K X7R 1206 MJ316
C355,S4,C.MON 10UF 25V K X7R 1206 MJ316
C357,S4,C.MON 10UF 25V K X7R 1206 MJ316
C358,S4,C.MON 10UF 25V K X7R 1206 MJ316
C360,S4,C.MON 10UF 25V K X7R 1206 MJ316
C363,S4,C.MON 10UF 25V K X7R 1206 MJ316
C391,S4,C.MON 10UF 25V K X7R 1206 MJ316
C395,S4,C.MON 10UF 25V K X7R 1206 MJ316
C396,S4,C.MON 10UF 25V K X7R 1206 MJ316
C397,S4,C.MON 10UF 25V K X7R 1206 MJ316
C604,S4,C.MON 10UF 25V K X7R 1206 MJ316
C632,S4,C.MON 10UF 25V K X7R 1206 MJ316
C633,S4,C.MON 10UF 25V K X7R 1206 MJ316
C634,S4,C.MON 10UF 25V K X7R 1206 MJ316
C635,S4,C.MON 10UF 25V K X7R 1206 MJ316
C445,S4,C.MON 10UF 25V K X7R 1206 MJ316
C446,S4,C.MON 10UF 25V K X7R 1206 MJ316
C447,S4,C.MON 10UF 25V K X7R 1206 MJ316
C334,S4,C.MON ST 10UF 100V M X7R 1210 TX
C339,S4,C.MON ST 10UF 100V M X7R 1210 TX
C340,S4,C.MON ST 10UF 100V M X7R 1210 TX
C655,S4,C.MON 0.022UF 1KV J NPO 1210 TDK
C656,S4,C.MON 0.022UF 1KV J NPO 1210 TDK
C657,S4,C.MON 0.022UF 1KV J NPO 1210 TDK
C658,S4,C.MON 0.022UF 1KV J NPO 1210 TDK
C659,S4,C.MON 0.022UF 1KV J NPO 1210 TDK
C660,S4,C.MON 0.022UF 1KV J NPO 1210 TDK
C661,S4,C.MON 0.022UF 1KV J NPO 1210 TDK
C662,S4,C.MON 0.022UF 1KV J NPO 1210 TDK
C663,S4,C.MON 0.022UF 1KV J NPO 1210 TDK
C664,S4,C.MON 0.022UF 1KV J NPO 1210 TDK
C665,S4,C.MON 0.022UF 1KV J NPO 1210 TDK
C666,S4,C.MON 0.022UF 1KV J NPO 1210 TDK
C667,S4,C.MON 0.022UF 1KV J NPO 1210 TDK
C668,S4,C.MON 0.022UF 1KV J NPO 1210 TDK
C214,S4,C.MON 0.022UF 1KV J NPO 1210 TDK
C215,S4,C.MON 0.022UF 1KV J NPO 1210 TDK
C216,S4,C.MON 0.022UF 1KV J NPO 1210 TDK
C217,S4,C.MON 0.022UF 1KV J NPO 1210 TDK
C219,S4,C.MON 0.022UF 1KV J NPO 1210 TDK
C220,S4,C.MON 0.022UF 1KV J NPO 1210 TDK
C221,S4,C.MON 0.022UF 1KV J NPO 1210 TDK
C222,S4,C.MON 0.022UF 1KV J NPO 1210 TDK
C223,S4,C.MON 0.022UF 1KV J NPO 1210 TDK
C225,S4,C.MON 0.022UF 1KV J NPO 1210 TDK
C226,S4,C.MON 0.022UF 1KV J NPO 1210 TDK
C227,S4,C.MON 0.022UF 1KV J NPO 1210 TDK
C228,S4,C.MON 0.022UF 1KV J NPO 1210 TDK
C229,S4,C.MON 0.022UF 1KV J NPO 1210 TDK
C651,S4,C.MON 0.022UF 1KV J NPO 1210 TDK
C652,S4,C.MON 0.022UF 1KV J NPO 1210 TDK
C676,S4,C.MON 0.022UF 1KV J NPO 1210 TDK
C677,S4,C.MON 0.022UF 1KV J NPO 1210 TDK
C678,S4,C.MON 0.022UF 1KV J NPO 1210 TDK
C679,S4,C.MON 0.022UF 1KV J NPO 1210 TDK
C201,S4,C.MON ST 0.22UF 630V K X7R1812SH
C246,S4,C.MON ST 0.22UF 630V K X7R1812SH
C267,S4,C.MON ST 0.22UF 630V K X7R1812SH
C268,S4,C.MON ST 0.22UF 630V K X7R1812SH
C609,S4,C.PLM 120UF 25V M 8*10 OVG
C611,S4,C.PLM 2700UF 16V M 10*20 PSG 5T
C671,S4,C.OSC 47UF 35V M 6.3*5.9 SVPK
C341,S4,C.HBC 150UF 63V M 10*16 HBS 5T
C342,S4,C.HBC 150UF 63V M 10*16 HBS 5T
C343,S4,C.HBC 150UF 63V M 10*16 HBS 5T
C344,S4,C.HBC 150UF 63V M 10*16 HBS 5T
C345,S4,C.HBC 150UF 63V M 10*16 HBS 5T
C346,S4,C.HBC 150UF 63V M 10*16 HBS 5T
C398,S4,C.HBC 150UF 63V M 10*16 HBS 5T
C399,S4,C.HBC 150UF 63V M 10*16 HBS 5T
C616,S4,C.HBC 150UF 63V M 10*16 HBS 5T
C618,S4,C.HBC 150UF 63V M 10*16 HBS 5T
C654,S4,C.HBC 150UF 63V M 10*16 HBS 5T
C672,S4,C.HBC 150UF 63V M 10*16 HBS 5T
C673,S4,C.HBC 150UF 63V M 10*16 HBS 5T
C674,S4,C.HBC 150UF 63V M 10*16 HBS 5T
C675,S4,C.HBC 150UF 63V M 10*16 HBS 5T
L215,S4,CORE T23.2*9.7*16.8 ALLOY
L216,S4,CORE T23.2*9.7*16.8 ALLOY
L221,S4,CHIP BEAD FBMA-11-160808-601T
L222,S4,INDUCTOR 47UH 20% LVS404018470MN PULSE
L615,S4,INDUCTOR 1UH MHCI04012-1R0M-R8
L200,S4,CHOKE ATQ2825D 17UH + -10%
CT200,S4,XFMR T2952-2 TR10*6*4 A10
T600,S4,XFMR S2422-1ADU EQ25/13 JPP95
CN104B,S4,BREAKAWAY PHDS 2*12P 2.0 BG
S4 BOARD,S4,BRACKET 62.4*31*7.6 CU
SMD-SC4,S4,PCB SUPPORT 5.5*3.1 BR
SMD-SC5,S4,PCB SUPPORT 5.5*3.1 BR
SMD-SC7,S4,PCB SUPPORT 5.5*3.1 BR
S4 BOARD,S4,BRACKET 26.5*25*7.5 CU
SMD-BRB7,S4,BRACKET 14.4*6.0*1.5 CU
SMD-BRB9,S4,BRACKET 14.4*6.0*1.5 CU
SMD-BRC1,S4,BRACKET 14.4*6.0*1.5 CU
SMD-BRC4,S4,BRACKET 14.4*6.0*1.5 CU
SMD-BRC5,S4,BRACKET 14.4*6.0*1.5 CU
SMD-BRC6,S4,BRACKET 14.4*6.0*1.5 CU
SMD-BRC9,S4,BRACKET 14.4*6.0*1.5 CU
SMD-BR37,S4,BRACKET 14.4*6.0*1.5 CU
BUSBAR-2,S4,BRACKET 41*29.6*7 CU
SMD-BR39,S4,BRACKET 14.4*6.0*1.5 CU
SMD-BR41,S4,BRACKET 14.4*6.0*1.5 CU
S4-MB,S4,BRACKET 18.7*11.4*1 CU
BUSBAR-3,S4,BRACKET 36*31*5.5 CU
SMD-BR40,S4,BRACKET 13.6*3.2*1.0 CU
SMD-BR42,S4,BRACKET 13.6*3.2*1.0 CU
SMD-BR43,S4,BRACKET 13.6*3.2*1.0 CU
SMD-BR44,S4,BRACKET 13.6*3.2*1.0 CU
SMD-BR45,S4,BRACKET 13.6*3.2*1.0 CU
S4,S4,BRACKET 73.90*26.95*1.5 CU
SMD-BRB1,S4,BRACKET 2*6*1.2 CU
SMD-BRB2,S4,BRACKET 2*6*1.2 CU
SMD-BRB3,S4,BRACKET 2*6*1.2 CU
SMD-BRB4,S4,BRACKET 2*6*1.2 CU
SMD-BRB5,S4,BRACKET 2*6*1.2 CU
SMD-BRB6,S4,BRACKET 2*6*1.2 CU
SMD-BRB8,S4,BRACKET 2*6*1.2 CU
SMD-BRC2,S4,BRACKET 2*6*1.2 CU
SMD-BRC3,S4,BRACKET 2*6*1.2 CU
SMD-BRC7,S4,BRACKET 2*6*1.2 CU
SMD-BRC8,S4,BRACKET 2*6*1.2 CU
SMD-BR81,S4,BRACKET 2*6*1.2 CU
SMD-BR82,S4,BRACKET 2*6*1.2 CU
S4,S4,BRACKET 96.5*51.45*4.5 CU
HS201,S4,ISL-PAD 83*23.1*0.23 RB
S4 BTM,S4,ISL-PLT+T D8*3 RB V0
HS201 BTM,S4,ISL-PAD 4*3*1 RB
S4 TOP FOR S11 ISL,S4,ISL-PLT+T 41.5*32.5 (2L) 3M 92
8A0ZCN TOP SIDE,S4,ISL-PLT+T 75.5*55.13*5.69 PC
M3-6 SCREW,S4,ISL-PLT+T 10.2*3.1*0.25 PC
ISL-BTM SIDE WALL,S4,ISL-PLT+T 32.35*27.8*10.05 PC
BESIDE S15,S4,ISL-PLT+T 32.35*27.8*10.05 PC
HS201,S4,HEAT SINK 81*21.9*30.8 AL
S4 BTM SIDE(FIX BBR1BBR3 BUSBAR PLATE),S4,SCREW IH 3*0.5*4 NB+NL
S4,S4,PCBS24421ADU-4 327.5*77*2.08LA
Q030,S5,TRX NPN40V0.6A KN4401S SOT23
BD004,S5,BRG 1000V 2A ABS20M-T ABS
D013,S5,DIO 40V 1A PMEG4010BEA SOD323
D014,S5,DIO 40V 1A PMEG4010BEA SOD323
D015,S5,DIO 75V 0.15A 1N4148WS-7-FSOD323
D026,S5,DIO 100V 0.25A BAS316 SOD323
D010,S5,DIO 200V 1A ES1D-T M2G DO214AC
D011,S5,DIO 200V 2A ES2D SMB
D234,S5,DIO 200V 2A ES2D SMB
D012,S5,DIO 1000V 1A RS1M-G SMA
ZD021,S5,TVS 600W 200V P6SMB200A-G SMB
ZD020,S5,Z.D 0.25W 5.6V BZX84B5V6 SOT23
ZD017,S5,Z.D 0.25W 13V BZX84-B13 SOT23
ZD016,S5,Z.D 0.4W 15V PDZ15B SOD323
IC628,S5,IC OPA 8P AMC1301DWVR SOIC
IC005,S5,ICREG3P3.3V0.95ALD1117S33CSOT223
IC007,S5,IC REF 3P TL431BCDBZR(0.5%)SOT23
IC003,S5,IC PWM SW 11P TNY288KG-TL SOP
PC002,S5,IC PHO 4PLTV-1007-TP1-G80-160SOP
R087,S5,R.TH NTC 10 M 8D 2A SCK08102MFY
R503,S5,R.MF 10 1/10W F 0603 RC YAGEO
R678,S5,R.MF 10 1/10W F 0603 RC YAGEO
R679,S5,R.MF 10 1/10W F 0603 RC YAGEO
R506,S5,R.MF 220 1/10W F 0603 RC YAGEO
R082,S5,R.MF 1K 1/10W F 0603 WR WALSIN
R505,S5,R.MF 2.43K 1/10W F 0603 RC YAGEO
R015,S5,R.MF 7.5K 1/10W F 0603 RC YAGEO
R504,S5,R.MF 10.2K 1/10W F 0603 RC YAGEO
R085,S5,R.MF 20 1/8W F 0805 RC YAGEO
R078,S5,R.MF 30.1 1/8W F 0805 RC YAGEO
R770,S5,R.MF 825 1/8W F 0805 WR WALSIN
R771,S5,R.MF 825 1/8W F 0805 WR WALSIN
R075,S5,R.MF 15K 1/8W F 0805 RC YAGEO
R077,S5,R.MF 1.2M 1/8W F 0805 RC YAGEO
R069,S5,R.MF 0.511 1/4W F 1206 PT YAGEO
R014,S5,R.MF 2 1/4W F 1206 RC YAGEO
R017,S5,R.MF 2 1/4W F 1206 RC YAGEO
R774,S5,R.MF 2 1/4W F 1206 RC YAGEO
R776,S5,R.MF 2 1/4W F 1206 RC YAGEO
R013,S5,R.MF 15 1/4W F 1206 RC YAGEO
R509,S5,R.MF 20 1/4W F 1206 RC YAGEO
R510,S5,R.MF 20 1/4W F 1206 RC YAGEO
R083,S5,R.MF 649 1/4W F 1206 RC YAGEO
R090,S5,R.MF 3.01K 1/4W F 1206 RC YAGEO
R020,S5,R.HV 680K 1/4W F RV500V1206YAGEO
R021,S5,R.HV 680K 1/4W F RV500V1206YAGEO
R022,S5,R.HV 680K 1/4W F RV500V1206YAGEO
R023,S5,R.HV 680K 1/4W F RV500V1206YAGEO
R024,S5,R.HV 680K 1/4W F RV500V1206YAGEO
R025,S5,R.HV 680K 1/4W F RV500V1206YAGEO
R041,S5,R.HV 2M 1/4W F RV 500V 1206YAGEO
R042,S5,R.HV 2M 1/4W F RV 500V 1206YAGEO
C046,S5,C.MON 100PF 50V J NPO 0603CC0603
C736,S5,C.MON 0.22UF 50V K X7R 06030603B
C049,S5,C.MON 1000PF 50V K X7R0603CC0603
C732,S5,C.MON 1000PF 50V K X7R0603CC0603
C044,S5,C.MON 4700PF 50V K X7R 0603 2R
C051,S5,C.MON 4700PF 50V K X7R 0603 2R
C041,S5,C.MON 0.1UF 50V K X7R 0603CC0603
C043,S5,C.MON 0.1UF 50V K X7R 0603CC0603
C047,S5,C.MON 0.1UF 50V K X7R 0603CC0603
C048,S5,C.MON 0.1UF 50V K X7R 0603CC0603
C030,S5,C.MON 220PF 200V J NPO 08050805N
C061,S5,C.MON 0.1UF 50V K X7R 0805 2238
C062,S5,C.MON 10UF 25V K X6S 0805 GRM21B
C543,S5,C.MON 1000PF 100V KX7R1206CC1206
C544,S5,C.MON 1000PF 100V KX7R1206CC1206
C057,S5,C.MON 0.022UF 630V K X7R 1206 SH
C072,S5,C.MON 0.022UF 630V K X7R 1206 SH
C020,S5,C.MON 10UF 25V K X7R 1206 MJ316
C021,S5,C.MON 10UF 25V K X7R 1206 MJ316
C040,S5,C.MON 10UF 25V K X7R 1206 MJ316
C042,S5,C.MON 10UF 25V K X7R 1206 MJ316
C060,S5,C.MON 10UF 25V K X7R 1206 MJ316
C066,S5,C.MON 10UF 25V K X7R 1206 MJ316
C078,S5,C.MON 10UF 25V K X7R 1206 MJ316
C084,S5,C.MON 10UF 25V K X7R 1206 MJ316
C085,S5,C.MON 10UF 25V K X7R 1206 MJ316
C091,S5,C.MON 10UF 25V K X7R 1206 MJ316
C092,S5,C.MON 10UF 25V K X7R 1206 MJ316
C537,S5,C.MON 10UF 25V K X7R 1206 MJ316
C538,S5,C.MON 10UF 25V K X7R 1206 MJ316
C539,S5,C.MON 10UF 25V K X7R 1206 MJ316
C540,S5,C.MON 10UF 25V K X7R 1206 MJ316
C541,S5,C.MON 10UF 25V K X7R 1206 MJ316
C542,S5,C.MON 10UF 25V K X7R 1206 MJ316
C093,S5,C.MON 10UF 35V K X7R 1206 NCC
C094,S5,C.MON 10UF 35V K X7R 1206 NCC
C095,S5,C.MON 10UF 35V K X7R 1206 NCC
C531,S5,C.MON 10UF 35V K X7R 1206 NCC
C532,S5,C.MON 10UF 35V K X7R 1206 NCC
C533,S5,C.MON 10UF 35V K X7R 1206 NCC
C534,S5,C.MON 10UF 35V K X7R 1206 NCC
C535,S5,C.MON 10UF 35V K X7R 1206 NCC
C536,S5,C.MON 10UF 35V K X7R 1206 NCC
C545,S5,C.MON 10UF 35V K X7R 1206 NCC
C546,S5,C.MON 10UF 35V K X7R 1206 NCC
C054,S5,C.MON 22UF 25V K X6S 1206 GRM
C845,S5,C.MON ST 0.1UF 630V K X7R 1210TX
C045,S5,C.OSC 47UF 35V M 6.3*5.9 SVPK
C055,S5,C.ELE 33UF 500V M 12.5*30 HXW
T001,S5,XFMR S2422-1A1U EE1614 JPP95
S5-MB,S5,WIRE ASSY 1*2 1015 #24 145 B/W
CN101B,S5,BREAKAWAY PHSR 6P 2.0 BG
S5 BTM,S5,ISL-PLT+T 66*31*0.25 PC
C055,S5,RUBBER 10*13.5*0.5 B
S5,S5,PCB S24421ADU-5 66*31*1.6 6L A
Q031,S6,TRX NPN40V0.6A KN4401S SOT23
BD005,S6,BRG 1000V 2A ABS20M-T ABS
D023,S6,DIO 40V 1A PMEG4010BEA SOD323
D024,S6,DIO 40V 1A PMEG4010BEA SOD323
D025,S6,DIO 75V 0.15A 1N4148WS-7-FSOD323
D027,S6,DIO 100V 0.25A BAS316 SOD323
D002,S6,DIO 200V 2A ES2D SMB
D021,S6,DIO 200V 2A ES2D SMB
D020,S6,DIO 200V 1A ES1D-T M2G DO214AC
D022,S6,DIO 1000V 1A RS1M-G SMA
ZD009,S6,TVS 600W 200V P6SMB200A-G SMB
ZD007,S6,Z.D 0.25W 5.6V BZX84B5V6 SOT23
ZD019,S6,Z.D 0.25W 13V BZX84-B13 SOT23
ZD018,S6,Z.D 0.4W 15V PDZ15B SOD323
IC002,S6,IC OPA 8P AMC1301DWVR SOIC
IC006,S6,ICREG3P3.3V0.95ALD1117S33CSOT223
IC008,S6,IC REF 3P TL431BCDBZR(0.5%)SOT23
IC012,S6,IC PWM SW 11P TNY288KG-TL SOP
PC003,S6,IC PHO 4PLTV-1007-TP1-G80-160SOP
R066,S6,R.TH NTC 10 M 8D 2A SCK08102MFY
R091,S6,R.MF 10 1/10W F 0603 RC YAGEO
R680,S6,R.MF 10 1/10W F 0603 RC YAGEO
R687,S6,R.MF 10 1/10W F 0603 RC YAGEO
R508,S6,R.MF 220 1/10W F 0603 RC YAGEO
R063,S6,R.MF 1K 1/10W F 0603 WR WALSIN
R093,S6,R.MF 2.43K 1/10W F 0603 RC YAGEO
R067,S6,R.MF 7.5K 1/10W F 0603 RC YAGEO
R092,S6,R.MF 10.2K 1/10W F 0603 RC YAGEO
R065,S6,R.MF 20 1/8W F 0805 RC YAGEO
R062,S6,R.MF 30.1 1/8W F 0805 RC YAGEO
R772,S6,R.MF 825 1/8W F 0805 WR WALSIN
R773,S6,R.MF 825 1/8W F 0805 WR WALSIN
R060,S6,R.MF 15K 1/8W F 0805 RC YAGEO
R061,S6,R.MF 1.2M 1/8W F 0805 RC YAGEO
R098,S6,R.MF 0.511 1/4W F 1206 PT YAGEO
R016,S6,R.MF 2 1/4W F 1206 RC YAGEO
R018,S6,R.MF 2 1/4W F 1206 RC YAGEO
R775,S6,R.MF 2 1/4W F 1206 RC YAGEO
R777,S6,R.MF 2 1/4W F 1206 RC YAGEO
R507,S6,R.MF 15 1/4W F 1206 RC YAGEO
R511,S6,R.MF 20 1/4W F 1206 RC YAGEO
R512,S6,R.MF 20 1/4W F 1206 RC YAGEO
R064,S6,R.MF 649 1/4W F 1206 RC YAGEO
R010,S6,R.MF 3.01K 1/4W F 1206 RC YAGEO
R026,S6,R.HV 680K 1/4W F RV500V1206YAGEO
R027,S6,R.HV 680K 1/4W F RV500V1206YAGEO
R028,S6,R.HV 680K 1/4W F RV500V1206YAGEO
R029,S6,R.HV 680K 1/4W F RV500V1206YAGEO
R030,S6,R.HV 680K 1/4W F RV500V1206YAGEO
R031,S6,R.HV 680K 1/4W F RV500V1206YAGEO
R043,S6,R.HV 2M 1/4W F RV 500V 1206YAGEO
R044,S6,R.HV 2M 1/4W F RV 500V 1206YAGEO
C081,S6,C.MON 100PF 50V J NPO 0603CC0603
C737,S6,C.MON 0.22UF 50V K X7R 06030603B
C079,S6,C.MON 1000PF 50V K X7R0603CC0603
C733,S6,C.MON 1000PF 50V K X7R0603CC0603
C116,S6,C.MON 4700PF 50V K X7R 0603 2R
C117,S6,C.MON 4700PF 50V K X7R 0603 2R
C027,S6,C.MON 0.1UF 50V K X7R 0603CC0603
C068,S6,C.MON 0.1UF 50V K X7R 0603CC0603
C074,S6,C.MON 0.1UF 50V K X7R 0603CC0603
C082,S6,C.MON 0.1UF 50V K X7R 0603CC0603
C076,S6,C.MON 220PF 200V J NPO 08050805N
C087,S6,C.MON 0.1UF 50V K X7R 0805 2238
C088,S6,C.MON 10UF 25V K X6S 0805 GRM21B
C096,S6,C.MON 1000PF 100V KX7R1206CC1206
C097,S6,C.MON 1000PF 100V KX7R1206CC1206
C073,S6,C.MON 0.022UF 630V K X7R 1206 SH
C077,S6,C.MON 0.022UF 630V K X7R 1206 SH
C022,S6,C.MON 10UF 25V K X7R 1206 MJ316
C023,S6,C.MON 10UF 25V K X7R 1206 MJ316
C026,S6,C.MON 10UF 25V K X7R 1206 MJ316
C029,S6,C.MON 10UF 25V K X7R 1206 MJ316
C035,S6,C.MON 10UF 25V K X7R 1206 MJ316
C053,S6,C.MON 10UF 25V K X7R 1206 MJ316
C069,S6,C.MON 10UF 25V K X7R 1206 MJ316
C080,S6,C.MON 10UF 25V K X7R 1206 MJ316
C083,S6,C.MON 10UF 25V K X7R 1206 MJ316
C086,S6,C.MON 10UF 25V K X7R 1206 MJ316
C090,S6,C.MON 10UF 25V K X7R 1206 MJ316
C556,S6,C.MON 10UF 25V K X7R 1206 MJ316
C557,S6,C.MON 10UF 25V K X7R 1206 MJ316
C558,S6,C.MON 10UF 25V K X7R 1206 MJ316
C559,S6,C.MON 10UF 25V K X7R 1206 MJ316
C560,S6,C.MON 10UF 25V K X7R 1206 MJ316
C561,S6,C.MON 10UF 25V K X7R 1206 MJ316
C547,S6,C.MON 10UF 35V K X7R 1206 NCC
C548,S6,C.MON 10UF 35V K X7R 1206 NCC
C549,S6,C.MON 10UF 35V K X7R 1206 NCC
C550,S6,C.MON 10UF 35V K X7R 1206 NCC
C551,S6,C.MON 10UF 35V K X7R 1206 NCC
C552,S6,C.MON 10UF 35V K X7R 1206 NCC
C553,S6,C.MON 10UF 35V K X7R 1206 NCC
C554,S6,C.MON 10UF 35V K X7R 1206 NCC
C555,S6,C.MON 10UF 35V K X7R 1206 NCC
C562,S6,C.MON 10UF 35V K X7R 1206 NCC
C563,S6,C.MON 10UF 35V K X7R 1206 NCC
C034,S6,C.MON 22UF 25V K X6S 1206 GRM
C846,S6,C.MON ST 0.1UF 630V K X7R 1210TX
C065,S6,C.OSC 47UF 35V M 6.3*5.9 SVPK
C075,S6,C.ELE 33UF 500V M 12.5*30 HXW
T002,S6,XFMR S2422-1A1U EE1614 JPP95
S6-MB,S6,WIRE ASSY 1*2 1015 #24 145 B/W
CN103B,S6,BREAKAWAY PHSR 6P 2.0 BG
S6 BTM,S6,ISL-PLT+T 66*31*0.25 PC
C075,S6,RUBBER 10*13.5*0.5 B
S6,S6,PCBS2442-1ADU-6 66*31*1.6 6L A
LED753,S7,LED SMD LTST-C150KRKT RED
LED756,S7,LED SMD LTST-C155KGKFKT GRN/ORA
LED757,S7,LED SMD LTST-C155KGKFKT GRN/ORA
LED758,S7,LED SMD LTST-C155KGKFKT GRN/ORA
J753,S7,WAFER SP 2P 1.25 CI4602M1VR0-NH
J752,S7,WAFER RP 9P 1.25 PBT NY6T SMD
S7 LED BOARD,S7,CNTR 2P NA #28 155
S7,S7,ISL-PLT+T 18.3*12.3*2 SPONGE
S7,S7,PCB S24421ADU-7 41*11*1.6 6L A
C101,S8,C.ELE 1200UF 500V M 35*100 MXH
S8 BOARD,S8,ISL-PLT+T 30*30 3M#44
C.ELE,S8,ISL-PLT+T 149*125*0.12 PP
C.ELE,S8,ISL-PLT+T 100*30 (2L) 3M 92
S8,S8,PCB S2422-1ADU-8 41*33*1.6 4L A
C102,S9,C.ELE 1200UF 500V M 35*100 MXH
S9 BOARD,S9,ISL-PLT+T 30*30 3M#44
C.ELE,S9,ISL-PLT+T 149*125*0.12 PP
C.ELE,S9,ISL-PLT+T 100*30 (2L) 3M 92
S9,S9,PCB S2422-1ADU-9 37*36*1.6 4L A
C200,S10,C.ELE 1430UF 500V M 35*100 MXK
S10 BOARD,S10,ISL-PLT+T 30*30 3M#44
C.ELE,S10,ISL-PLT+T 149*125*0.12 PP
C.ELE,S10,ISL-PLT+T 100*30 (2L) 3M 92
S10,S10,PCB S2422-1ADU-10 41*33*1.6 4L A
Q207,SB,MFET N 80V100A0.0021BSC021N08NS5
Q208,SB,MFET N 80V100A0.0021BSC021N08NS5
Q209,SB,MFET N 80V100A0.0021BSC021N08NS5
Q218,SB,MFET N 80V100A0.0021BSC021N08NS5
Q220,SB,MFET N 80V100A0.0021BSC021N08NS5
Q250,SB,MFET N 80V100A0.0021BSC021N08NS5
Q252,SB,MFET N 80V100A0.0021BSC021N08NS5
Q254,SB,MFET N 80V100A0.0021BSC021N08NS5
Q255,SB,MFET N 80V100A0.0021BSC021N08NS5
Q257,SB,MFET N 80V100A0.0021BSC021N08NS5
Q258,SB,MFET N 80V100A0.0021BSC021N08NS5
Q259,SB,MFET N 80V100A0.0021BSC021N08NS5
D233,SB,DIO 40V 1A PMEG4010BEA SOD323
D237,SB,DIO 40V 1A PMEG4010BEA SOD323
D235,SB,DIO 200V 1A ES1002FL SOD123FL
D236,SB,DIO 200V 1A ES1002FL SOD123FL
IC203,SB,IC DRIVER 13P UCC21225ANPLR VLGA
IC204,SB,IC DRIVER 13P UCC21225ANPLR VLGA
RT201,SB,R.TH TTC 10KF0805TSM2A103F34D1HZ
R239,SB,R.MF 100 1/10W F 0603 RC YAGEO
R240,SB,R.MF 100 1/10W F 0603 RC YAGEO
R247,SB,R.MF 100 1/10W F 0603 RC YAGEO
R248,SB,R.MF 100 1/10W F 0603 RC YAGEO
R242,SB,R.MF 2.05K 1/10W F 0603 RC YAGEO
R243,SB,R.MF 2.05K 1/10W F 0603 RC YAGEO
R250,SB,R.MF 2.05K 1/10W F 0603 RC YAGEO
R251,SB,R.MF 2.05K 1/10W F 0603 RC YAGEO
R253,SB,R.MF 10K 1/10W F 0603 RC YAGEO
R254,SB,R.MF 10K 1/10W F 0603 RC YAGEO
R255,SB,R.MF 10K 1/10W F 0603 RC YAGEO
R256,SB,R.MF 10K 1/10W F 0603 RC YAGEO
R244,SB,R.MF 2 1/4W F 1206 RC YAGEO
R245,SB,R.MF 2 1/4W F 1206 RC YAGEO
R246,SB,R.MF 2 1/4W F 1206 RC YAGEO
R249,SB,R.MF 2 1/4W F 1206 RC YAGEO
R235,SB,R.MF 1 1/4W F 1206 RC YAGEO
R236,SB,R.MF 1 1/4W F 1206 RC YAGEO
R237,SB,R.MF 1 1/4W F 1206 RC YAGEO
R238,SB,R.MF 1 1/4W F 1206 RC YAGEO
C278,SB,C.MON 0.1UF 50V K X7R 0402 0402B
C280,SB,C.MON 0.1UF 50V K X7R 0402 0402B
C286,SB,C.MON 0.1UF 50V K X7R 0402 0402B
C291,SB,C.MON 0.1UF 50V K X7R 0402 0402B
C282,SB,C.MON 470PF 50V K X7R 0603CC0603
C283,SB,C.MON 470PF 50V K X7R 0603CC0603
C288,SB,C.MON 470PF 50V K X7R 0603CC0603
C289,SB,C.MON 470PF 50V K X7R 0603CC0603
C281,SB,C.MON 3300PF 50V K X7R0603CC0603
C294,SB,C.MON 3300PF 50V K X7R0603CC0603
C284,SB,C.MON 0.1UF 50V K X7R 0603CC0603
C292,SB,C.MON 0.1UF 50V K X7R 0603CC0603
C277,SB,C.MON 10UF 25V K X6S 0805 TAIYO
C279,SB,C.MON 10UF 25V K X6S 0805 TAIYO
C287,SB,C.MON 10UF 25V K X6S 0805 TAIYO
C290,SB,C.MON 10UF 25V K X6S 0805 TAIYO
C389,SB,C.MON 1UF 100V K X7R 1206CC1206
C390,SB,C.MON 1UF 100V K X7R 1206CC1206
C467,SB,C.MON 1UF 100V K X7R 1206CC1206
C468,SB,C.MON 1UF 100V K X7R 1206CC1206
C285,SB,C.MON 10UF 25V K X7R 1206 MJ316
C293,SB,C.MON 10UF 25V K X7R 1206 MJ316
C273,SB,C.MON ST 10UF 100V M X7R 1210 TX
C274,SB,C.MON ST 10UF 100V M X7R 1210 TX
C275,SB,C.MON ST 10UF 100V M X7R 1210 TX
C276,SB,C.MON ST 10UF 100V M X7R 1210 TX
C295,SB,C.MON ST 10UF 100V M X7R 1210 TX
C296,SB,C.MON ST 10UF 100V M X7R 1210 TX
C297,SB,C.MON ST 10UF 100V M X7R 1210 TX
C298,SB,C.MON ST 10UF 100V M X7R 1210 TX
C299,SB,C.MON ST 10UF 100V M X7R 1210 TX
C300,SB,C.MON ST 10UF 100V M X7R 1210 TX
C301,SB,C.MON ST 10UF 100V M X7R 1210 TX
C302,SB,C.MON ST 10UF 100V M X7R 1210 TX
C303,SB,C.MON ST 10UF 100V M X7R 1210 TX
C304,SB,C.MON ST 10UF 100V M X7R 1210 TX
C305,SB,C.MON ST 10UF 100V M X7R 1210 TX
C306,SB,C.MON ST 10UF 100V M X7R 1210 TX
C307,SB,C.MON ST 10UF 100V M X7R 1210 TX
C308,SB,C.MON ST 10UF 100V M X7R 1210 TX
C309,SB,C.MON ST 10UF 100V M X7R 1210 TX
C310,SB,C.MON ST 10UF 100V M X7R 1210 TX
C794,SB,C.MON ST 10UF 100V M X7R 1210 TX
C795,SB,C.MON ST 10UF 100V M X7R 1210 TX
C401,SB,C.MON ST 10UF 100V M X7R 1210 TX
C402,SB,C.MON ST 10UF 100V M X7R 1210 TX
T200,SB,S2442-1ADU CC45.6/26 KF9
CN202A,SB,BREAKAWAY PHDR 2*2P 2.0 BG
CN203,SB,BREAKAWAY PHDR 2*2P 2.0 BG
SMD-BR5,SB,BRACKET 2*6*1.2 CU
SMD-BR7,SB,BRACKET 2*6*1.2 CU
SMD-BR9,SB,BRACKET 2*6*1.2 CU
SMD-BR11,SB,BRACKET 2*6*1.2 CU
SMD-BR8,SB,BRACKET 4.5*4.5*2 CU
SMD-BR6,SB,BRACKET 4.5*4.5*2 CU
S11,SB,BRACKET 73.5*27.5*0.5 CU
S11 TOP SIDE,SB,BRACKET 76.2*40*33.97 CU
S11 MOS-PAD,SB,ISL-PAD 5*5*1.0 RB
S11 BBR BTM(1),SB,ISL-PLT 32.82*28.7*1 RB
S11 8A0ZE7,SB,SCREW+M TF 2*0.4*6 NI+NL
S11,SB,PCB S24421ADU1177.5*34.5*28L A
Q221,SC,MFET N 80V100A0.0021BSC021N08NS5
Q223,SC,MFET N 80V100A0.0021BSC021N08NS5
Q224,SC,MFET N 80V100A0.0021BSC021N08NS5
Q225,SC,MFET N 80V100A0.0021BSC021N08NS5
Q226,SC,MFET N 80V100A0.0021BSC021N08NS5
Q227,SC,MFET N 80V100A0.0021BSC021N08NS5
Q228,SC,MFET N 80V100A0.0021BSC021N08NS5
Q230,SC,MFET N 80V100A0.0021BSC021N08NS5
Q231,SC,MFET N 80V100A0.0021BSC021N08NS5
Q232,SC,MFET N 80V100A0.0021BSC021N08NS5
Q233,SC,MFET N 80V100A0.0021BSC021N08NS5
Q234,SC,MFET N 80V100A0.0021BSC021N08NS5
D220,SC,DIO 40V 1A PMEG4010BEA SOD323
D232,SC,DIO 40V 1A PMEG4010BEA SOD323
D210,SC,DIO 200V 1A ES1002FL SOD123FL
D211,SC,DIO 200V 1A ES1002FL SOD123FL
IC205,SC,IC DRIVER 13P UCC21225ANPLR VLGA
IC206,SC,IC DRIVER 13P UCC21225ANPLR VLGA
RT200,SC,R.TH TTC 10KF0805TSM2A103F34D1HZ
R261,SC,R.MF 100 1/10W F 0603 RC YAGEO
R262,SC,R.MF 100 1/10W F 0603 RC YAGEO
R280,SC,R.MF 100 1/10W F 0603 RC YAGEO
R281,SC,R.MF 100 1/10W F 0603 RC YAGEO
R264,SC,R.MF 2.05K 1/10W F 0603 RC YAGEO
R265,SC,R.MF 2.05K 1/10W F 0603 RC YAGEO
R284,SC,R.MF 2.05K 1/10W F 0603 RC YAGEO
R285,SC,R.MF 2.05K 1/10W F 0603 RC YAGEO
R275,SC,R.MF 10K 1/10W F 0603 RC YAGEO
R276,SC,R.MF 10K 1/10W F 0603 RC YAGEO
R277,SC,R.MF 10K 1/10W F 0603 RC YAGEO
R278,SC,R.MF 10K 1/10W F 0603 RC YAGEO
R266,SC,R.MF 2 1/4W F 1206 RC YAGEO
R267,SC,R.MF 2 1/4W F 1206 RC YAGEO
R268,SC,R.MF 2 1/4W F 1206 RC YAGEO
R282,SC,R.MF 2 1/4W F 1206 RC YAGEO
R257,SC,R.MF 1 1/4W F 1206 RC YAGEO
R258,SC,R.MF 1 1/4W F 1206 RC YAGEO
R259,SC,R.MF 1 1/4W F 1206 RC YAGEO
R260,SC,R.MF 1 1/4W F 1206 RC YAGEO
C318,SC,C.MON 0.1UF 50V K X7R 0402 0402B
C324,SC,C.MON 0.1UF 50V K X7R 0402 0402B
C455,SC,C.MON 0.1UF 50V K X7R 0402 0402B
C572,SC,C.MON 0.1UF 50V K X7R 0402 0402B
C320,SC,C.MON 470PF 50V K X7R 0603CC0603
C321,SC,C.MON 470PF 50V K X7R 0603CC0603
C326,SC,C.MON 470PF 50V K X7R 0603CC0603
C327,SC,C.MON 470PF 50V K X7R 0603CC0603
C319,SC,C.MON 3300PF 50V K X7R0603CC0603
C332,SC,C.MON 3300PF 50V K X7R0603CC0603
C322,SC,C.MON 0.1UF 50V K X7R 0603CC0603
C456,SC,C.MON 0.1UF 50V K X7R 0603CC0603
C315,SC,C.MON 10UF 25V K X6S 0805 TAIYO
C317,SC,C.MON 10UF 25V K X6S 0805 TAIYO
C325,SC,C.MON 10UF 25V K X6S 0805 TAIYO
C328,SC,C.MON 10UF 25V K X6S 0805 TAIYO
C385,SC,C.MON 1UF 100V K X7R 1206CC1206
C386,SC,C.MON 1UF 100V K X7R 1206CC1206
C387,SC,C.MON 1UF 100V K X7R 1206CC1206
C388,SC,C.MON 1UF 100V K X7R 1206CC1206
C323,SC,C.MON 10UF 25V K X7R 1206 MJ316
C457,SC,C.MON 10UF 25V K X7R 1206 MJ316
C311,SC,C.MON ST 10UF 100V M X7R 1210 TX
C312,SC,C.MON ST 10UF 100V M X7R 1210 TX
C313,SC,C.MON ST 10UF 100V M X7R 1210 TX
C314,SC,C.MON ST 10UF 100V M X7R 1210 TX
C333,SC,C.MON ST 10UF 100V M X7R 1210 TX
C458,SC,C.MON ST 10UF 100V M X7R 1210 TX
C335,SC,C.MON ST 10UF 100V M X7R 1210 TX
C336,SC,C.MON ST 10UF 100V M X7R 1210 TX
C338,SC,C.MON ST 10UF 100V M X7R 1210 TX
C459,SC,C.MON ST 10UF 100V M X7R 1210 TX
C460,SC,C.MON ST 10UF 100V M X7R 1210 TX
C461,SC,C.MON ST 10UF 100V M X7R 1210 TX
C462,SC,C.MON ST 10UF 100V M X7R 1210 TX
C463,SC,C.MON ST 10UF 100V M X7R 1210 TX
C464,SC,C.MON ST 10UF 100V M X7R 1210 TX
C465,SC,C.MON ST 10UF 100V M X7R 1210 TX
C466,SC,C.MON ST 10UF 100V M X7R 1210 TX
C571,SC,C.MON ST 10UF 100V M X7R 1210 TX
C580,SC,C.MON ST 10UF 100V M X7R 1210 TX
C581,SC,C.MON ST 10UF 100V M X7R 1210 TX
C574,SC,C.MON ST 10UF 100V M X7R 1210 TX
C575,SC,C.MON ST 10UF 100V M X7R 1210 TX
C576,SC,C.MON ST 10UF 100V M X7R 1210 TX
C577,SC,C.MON ST 10UF 100V M X7R 1210 TX
T210,SC,XFMR S2442-1ADU CC45.6/26 KF9
CN205A,SC,BREAKAWAY PHDR 2*2P 2.0 BG
CN206,SC,BREAKAWAY PHDR 2*2P 2.0 BG
SMD-BR3,SC,BRACKET 2*6*1.2 CU
SMD-BR4,SC,BRACKET 2*6*1.2 CU
SMD-BR15,SC,BRACKET 2*6*1.2 CU
SMD-BR16,SC,BRACKET 2*6*1.2 CU
S12,SC,BRACKET 73.5*27.5*0.5 CU
SMD-BR1,SC,BRACKET 4.5*4.5*2 CU
SMD-BR2,SC,BRACKET 4.5*4.5*2 CU
S12 TOP SIDE,SC,BRACKET 32.97*47*51 CU
S12 8A0ZCP TOP,SC,ISL-PAD 33*14*1 RB
S12 CORE TOP,SC,ISL-PLT 32.82*28.7*1 RB
S12 MOS-PAD,SC,ISL-PAD 5*5*1.0 RB
S12,SC,PCBS2442-1ADU1277.5*34.5*28L A
S13,SD,PCB S2422-1ADU-13 64*26*1.6 6LA3
Q500,SF,MFET N 80V100A0.0021BSC021N08NS5
Q501,SF,MFET N 80V100A0.0021BSC021N08NS5
Q502,SF,MFET N 80V100A0.0021BSC021N08NS5
Q503,SF,MFET N 80V100A0.0021BSC021N08NS5
D504,SF,DIO 40V 1A PMEG4010BEA SOD323
D505,SF,DIO 40V 1A PMEG4010BEA SOD323
D500,SF,DIO 120V 12A V12PM12-M3 TO277A
D506,SF,DIO 120V 12A V12PM12-M3 TO277A
D503,SF,DIO 200V 1A UF1DLWRVG SOD123W
D507,SF,DIO 200V 1A UF1DLWRVG SOD123W
D508,SF,DIO 200V 1A UF1DLWRVG SOD123W
D509,SF,DIO 200V 1A UF1DLWRVG SOD123W
TVS501,SF,TVS 600W 58V SMBJ58A SMB
ZD500,SF,Z.D 0.41W 14V BZX84B14 SOT23
IC500,SF,IC PWM 20P LM5117PMHX/NOPB TSSOP
R543,SF,R.CF 0 1/10W J 0603 RC YAGEO
R532,SF,R.MF 5.11 1/10W F 0603 RC YAGEO
R534,SF,R.MF 154 1/10W F 0603 RC YAGEO
R542,SF,R.MF 200 1/10W F 0603 RC YAGEO
R537,SF,R.TN 348 1/10W B 0603 RT-E YAGEO
R526,SF,R.MF 453 1/10W F 0603 RC YAGEO
R539,SF,R.TN 1K 1/10W B 0603 RT-E YAGEO
R531,SF,R.MF 2K 1/10W D 0603 RC YAGEO
R535,SF,R.MF 4.75K 1/10W B 0603TFQWALSIN
R538,SF,R.MF 5.36K 1/10W B 0603TFQWALSIN
R524,SF,R.TN 9.76K 1/10W B 0603 WFWALSIN
R528,SF,R.TN 21.5K 1/10W B 0603TFQWALSIN
R522,SF,R.MF 100K 1/10W F 0603 RC YAGEO
R536,SF,R.MF 154K 1/10W F 0603 RC YAGEO
R523,SF,R.MF 2 1/4W F 1206 RC YAGEO
R527,SF,R.MF 2 1/4W F 1206 RC YAGEO
R529,SF,R.MF 2 1/4W F 1206 RC YAGEO
R525,SF,R.MF 40.2 1/4W F 1206 RC YAGEO
R540,SF,R.MF 40.2 1/4W F 1206 RC YAGEO
R530,SF,R.MF 4.99 1/2W F 1206 WF WALSIN
RS500,SF,R.MF 0.008 2W F 2512 LRN RALEC
C518,SF,C.MON 100PF 50V J NPO 0603 NCC
C509,SF,C.MON 680PF 250V K X7R0603WALSIN
C519,SF,C.MON 820PF 50V J NPO 0603CC0603
C500,SF,C.MON 1000PF 50V K X7R0603CC0603
C521,SF,C.MON 1000PF 50V K X7R0603CC0603
C516,SF,C.MON 2200PF 50V J NPO0603CC0603
C510,SF,C.MON 0.01UF 50V J NPO0603CC0603
C517,SF,C.MON 0.022UF 50V KX7R0603CC0603
C511,SF,C.MON 0.1UF 100V K X7R0603CC0603
C503,SF,C.MON 0.22UF 25V K X7R0603CC0603
C502,SF,C.MON 0.47UF 25V K X7R0603CC0603
C505,SF,C.MON 2.2UF 25V K X7R 0805 0805B
C504,SF,C.MON 0.47UF 100V KX7R1206CC1206
C501,SF,C.MON 2.2UF 100V K X7R 1206 TX
C506,SF,C.MON 2.2UF 100V K X7R 1206 TX
C507,SF,C.MON 2.2UF 100V K X7R 1206 TX
C508,SF,C.MON 2.2UF 100V K X7R 1206 TX
C520,SF,C.MON 2.2UF 100V K X7R 1206 TX
C523,SF,C.MON 2.2UF 100V K X7R 1206 TX
C524,SF,C.MON 2.2UF 100V K X7R 1206 TX
C525,SF,C.MON 2.2UF 100V K X7R 1206 TX
C526,SF,C.MON 2.2UF 100V K X7R 1206 TX
C529,SF,C.PLM 220UF 16V M 6.3*8 PXG-G
C530,SF,C.PLM 220UF 16V M 6.3*8 PXG-G
C381,SF,C.MON 10UF 25V K X6S 0805 GRM21B
C522,SF,C.MON 10UF 25V K X6S 0805 GRM21B
C527,SF,C.MON 10UF 25V K X6S 0805 GRM21B
C766,SF,C.MON 10UF 25V K X6S 0805 GRM21B
L500,SF,INDUCTOR 10UH20%BSMA1770SPV-100M
JPM500,SF,WAFER RP 5P0.5PBTNY6TCF25051DSMD
CN501,SF,BREAKAWAY PHDR 2*8P 2.0 CH71082H
SMDBR5BF,SF,BRACKET 2*6*1.2 CU
SMD-BR5C,SF,BRACKET 2*6*1.2 CU
SMD-BR5D,SF,BRACKET 2*6*1.2 CU
SMD-BR5E,SF,BRACKET 2*6*1.2 CU
S15,SF,BRACKET 50.61*11.20*15
S15 MOS*4 TOP SIDE,SF,ISL-PAD 28*7.6*1 RB
S15 PCBTOP(2),SF,ISL-PLT+T 30*18 (1L) 3M 92
C529&C530(1),SF,ISL-PLT+T 30*18 (1L) 3M 92
FS501,SF,FUSE FB 63V 8A 1206 1206F
S15,SF,PCB S25721ADU-15 60*29*1.6 6L A
